uuid,url,0.0805249214172363,0.050551176071167,0.0496430397033691,0.055727481842041,0.0522541999816895,0.0796875953674316,0.0710036754608154,0.0525562763214111,0.0502853393554688,0.0499129295349121,0.0507626533508301,0.0509858131408691,0.0502045154571533,0.0495336055755615,0.0559165477752686,0.0503871440887451,0.0503618717193604,0.0512070655822754,0.0495858192443848,0.0520346164703369,0.0517399311065674,0.0539181232452393,0.0611002445220947,0.0495254993438721,0.0532903671264648,0.0506026744842529,0.0501019954681397,0.0498940944671631,0.0536251068115234,0.0502727031707764,0.0558929443359375,0.0495822429656982,0.0494754314422607,0.0672388076782227,0.051166296005249,0.0506775379180908,0.0497810840606689,0.0507724285125732,0.0542302131652832,0.0531566143035889,0.0569469928741455,0.0506417751312256,0.0499393939971924,0.0878744125366211,0.0756473541259766,0.114331245422363,0.0511703491210938,0.0551943778991699,0.0771400928497314,0.0558981895446777,0.0564465522766113,0.0772666931152344,0.0896539688110352,0.0540111064910889,0.0543959140777588,0.0537848472595215,0.0854167938232422,0.0663673877716064,0.082075834274292,0.0706303119659424,0.167486667633057,0.0527412891387939,0.0503051280975342,0.0547945499420166,0.0525660514831543,0.0497603416442871,0.0504982471466064,0.0549702644348145,0.0501799583435059,0.0550112724304199,0.0491554737091064,0.0518968105316162,0.0504357814788818,0.0554244518280029,0.0543172359466553,0.0598409175872803,0.0586750507354736,0.066340446472168,0.0505850315093994,0.0509905815124512,0.0500388145446777,0.0530409812927246,0.0490570068359375,0.0512492656707764,0.0515189170837402,0.0561261177062988,0.052912712097168,0.0533053874969482,0.0510940551757813,0.0541746616363525,0.0514373779296875,0.0498807430267334,0.051661491394043,0.0509998798370361,0.0522429943084717,0.0499162673950195,0.0522458553314209,0.0503575801849365,0.0534319877624512,0.0489315986633301
000506d9-9eac-4564-b61b-f855e646626e,http://cbc.ca/sit/amet/sapien.js?gravida=donec&nisi=pharetra&at=magna&nibh=vestibulum,0.0805249214172363,,,,,,,,,,,,,,,,,,,,,,,,,,,,,,,,,,,,,,,,,,,,,,,,,,,,,,,,,,,,,,,,,,,,,,,,,,,,,,,,,,,,,,,,,,,,,,,,,,,
00342b7b-e0ce-416b-b232-3eb010828788,https://mashable.com/phasellus/sit/amet/erat.html?nullam=odio&porttitor=cras&lacus=mi&at=pede&turpis=malesuada&donec=in&posuere=imperdiet&metus=et&vitae=commodo&ipsum=vulputate&aliquam=justo&non=in&mauris=blandit&morbi=ultrices&non=enim&lectus=lorem&aliquam=ipsum&sit=dolor&amet=sit&diam=amet&in=consectetuer&magna=adipiscing&bibendum=elit&imperdiet=proin&nullam=interdum&orci=mauris&pede=non&venenatis=ligula&non=pellentesque&sodales=ultrices&sed=phasellus&tincidunt=id&eu=sapien&felis=in&fusce=sapien&posuere=iaculis&felis=congue&sed=vivamus&lacus=metus&morbi=arcu&sem=adipiscing&mauris=molestie&laoreet=hendrerit&ut=at&rhoncus=vulputate&aliquet=vitae&pulvinar=nisl&sed=aenean&nisl=lectus&nunc=pellentesque&rhoncus=eget&dui=nunc&vel=donec&sem=quis&sed=orci&sagittis=eget&nam=orci&congue=vehicula&risus=condimentum&semper=curabitur&porta=in&volutpat=libero&quam=ut&pede=massa&lobortis=volutpat&ligula=convallis&sit=morbi&amet=odio&eleifend=odio&pede=elementum,,0.050551176071167,,,,,,,,,,,,,,,,,,,,,,,,,,,,,,,,,,,,,,,,,,,,,,,,,,,,,,,,,,,,,,,,,,,,,,,,,,,,,,,,,,,,,,,,,,,,,,,,,,
004a01aa-80e3-4c3d-94b0-f325f1ddd0a2,https://mtv.com/duis/bibendum/morbi/non/quam/nec.jpg?curae=non&nulla=pretium&dapibus=quis&dolor=lectus&vel=suspendisse&est=potenti&donec=in&odio=eleifend&justo=quam&sollicitudin=a&ut=odio&suscipit=in&a=hac&feugiat=habitasse&et=platea&eros=dictumst&vestibulum=maecenas&ac=ut&est=massa&lacinia=quis&nisi=augue&venenatis=luctus&tristique=tincidunt&fusce=nulla&congue=mollis&diam=molestie&id=lorem&ornare=quisque&imperdiet=ut&sapien=erat&urna=curabitur&pretium=gravida&nisl=nisi&ut=at&volutpat=nibh&sapien=in&arcu=hac&sed=habitasse&augue=platea&aliquam=dictumst&erat=aliquam&volutpat=augue&in=quam&congue=sollicitudin&etiam=vitae&justo=consectetuer&etiam=eget&pretium=rutrum&iaculis=at&justo=lorem&in=integer&hac=tincidunt&habitasse=ante&platea=vel&dictumst=ipsum&etiam=praesent&faucibus=blandit&cursus=lacinia&urna=erat&ut=vestibulum&tellus=sed&nulla=magna&ut=at&erat=nunc&id=commodo&mauris=placerat,,,0.0496430397033691,,,,,,,,,,,,,,,,,,,,,,,,,,,,,,,,,,,,,,,,,,,,,,,,,,,,,,,,,,,,,,,,,,,,,,,,,,,,,,,,,,,,,,,,,,,,,,,,,
0079c070-b695-420b-98b2-ce491628d8d6,http://woothemes.com/ut/nulla/sed/accumsan.aspx?vulputate=non&vitae=quam&nisl=nec&aenean=dui&lectus=luctus&pellentesque=rutrum&eget=nulla&nunc=tellus&donec=in&quis=sagittis&orci=dui&eget=vel&orci=nisl&vehicula=duis&condimentum=ac&curabitur=nibh&in=fusce&libero=lacus&ut=purus&massa=aliquet&volutpat=at&convallis=feugiat&morbi=non&odio=pretium&odio=quis&elementum=lectus&eu=suspendisse&interdum=potenti&eu=in&tincidunt=eleifend&in=quam&leo=a&maecenas=odio&pulvinar=in&lobortis=hac&est=habitasse&phasellus=platea&sit=dictumst&amet=maecenas&erat=ut&nulla=massa&tempus=quis&vivamus=augue&in=luctus&felis=tincidunt&eu=nulla&sapien=mollis&cursus=molestie&vestibulum=lorem&proin=quisque&eu=ut&mi=erat&nulla=curabitur&ac=gravida&enim=nisi&in=at&tempor=nibh&turpis=in&nec=hac&euismod=habitasse&scelerisque=platea&quam=dictumst&turpis=aliquam&adipiscing=augue&lorem=quam&vitae=sollicitudin&mattis=vitae&nibh=consectetuer&ligula=eget&nec=rutrum&sem=at&duis=lorem&aliquam=integer&convallis=tincidunt&nunc=ante&proin=vel&at=ipsum&turpis=praesent&a=blandit&pede=lacinia&posuere=erat&nonummy=vestibulum&integer=sed&non=magna&velit=at&donec=nunc&diam=commodo&neque=placerat&vestibulum=praesent&eget=blandit&vulputate=nam,,,,0.055727481842041,,,,,,,,,,,,,,,,,,,,,,,,,,,,,,,,,,,,,,,,,,,,,,,,,,,,,,,,,,,,,,,,,,,,,,,,,,,,,,,,,,,,,,,,,,,,,,,,
009b71cd-ebf5-4928-a792-b870ea5f18af,https://sourceforge.net/enim/blandit/mi/in/porttitor.js?dui=in&vel=felis&nisl=eu&duis=sapien&ac=cursus&nibh=vestibulum&fusce=proin&lacus=eu&purus=mi&aliquet=nulla&at=ac&feugiat=enim&non=in&pretium=tempor&quis=turpis&lectus=nec&suspendisse=euismod&potenti=scelerisque&in=quam&eleifend=turpis&quam=adipiscing&a=lorem&odio=vitae&in=mattis&hac=nibh&habitasse=ligula&platea=nec&dictumst=sem&maecenas=duis&ut=aliquam&massa=convallis&quis=nunc&augue=proin&luctus=at&tincidunt=turpis&nulla=a,,,,,0.0522541999816895,,,,,,,,,,,,,,,,,,,,,,,,,,,,,,,,,,,,,,,,,,,,,,,,,,,,,,,,,,,,,,,,,,,,,,,,,,,,,,,,,,,,,,,,,,,,,,,
00ac162b-56e5-4d49-b121-01286ec5a865,http://desdev.cn/mauris/sit.jsp?sapien=magna&non=vulputate&mi=luctus&integer=cum&ac=sociis&neque=natoque&duis=penatibus&bibendum=et&morbi=magnis&non=dis&quam=parturient&nec=montes&dui=nascetur&luctus=ridiculus&rutrum=mus&nulla=vivamus&tellus=vestibulum&in=sagittis&sagittis=sapien&dui=cum&vel=sociis&nisl=natoque&duis=penatibus&ac=et&nibh=magnis&fusce=dis&lacus=parturient&purus=montes,,,,,,0.0796875953674316,,,,,,,,,,,,,,,,,,,,,,,,,,,,,,,,,,,,,,,,,,,,,,,,,,,,,,,,,,,,,,,,,,,,,,,,,,,,,,,,,,,,,,,,,,,,,,
00b3a66a-f333-401e-ab1a-9163ff3b0050,http://gmpg.org/dolor/morbi.html?eu=cras&sapien=in&cursus=purus&vestibulum=eu&proin=magna&eu=vulputate&mi=luctus&nulla=cum&ac=sociis&enim=natoque&in=penatibus&tempor=et&turpis=magnis&nec=dis&euismod=parturient&scelerisque=montes&quam=nascetur&turpis=ridiculus&adipiscing=mus&lorem=vivamus&vitae=vestibulum&mattis=sagittis&nibh=sapien&ligula=cum&nec=sociis&sem=natoque&duis=penatibus,,,,,,,0.0710036754608154,,,,,,,,,,,,,,,,,,,,,,,,,,,,,,,,,,,,,,,,,,,,,,,,,,,,,,,,,,,,,,,,,,,,,,,,,,,,,,,,,,,,,,,,,,,,,
00ba3ca7-8d68-4caa-8072-cf7a6efc0891,http://wikimedia.org/duis/consequat/dui/nec/nisi/volutpat.jpg?vestibulum=ipsum&sagittis=dolor&sapien=sit&cum=amet&sociis=consectetuer&natoque=adipiscing&penatibus=elit&et=proin&magnis=risus&dis=praesent&parturient=lectus&montes=vestibulum&nascetur=quam&ridiculus=sapien&mus=varius&etiam=ut&vel=blandit&augue=non&vestibulum=interdum&rutrum=in&rutrum=ante&neque=vestibulum&aenean=ante&auctor=ipsum&gravida=primis&sem=in&praesent=faucibus&id=orci&massa=luctus&id=et&nisl=ultrices&venenatis=posuere&lacinia=cubilia&aenean=curae&sit=duis&amet=faucibus&justo=accumsan&morbi=odio&ut=curabitur&odio=convallis&cras=duis&mi=consequat&pede=dui&malesuada=nec&in=nisi&imperdiet=volutpat&et=eleifend&commodo=donec,,,,,,,,0.0525562763214111,,,,,,,,,,,,,,,,,,,,,,,,,,,,,,,,,,,,,,,,,,,,,,,,,,,,,,,,,,,,,,,,,,,,,,,,,,,,,,,,,,,,,,,,,,,,
00c7d620-ad0d-40ec-b537-ab8994284e5f,https://washingtonpost.com/in.aspx?donec=nisl&pharetra=venenatis&magna=lacinia&vestibulum=aenean&aliquet=sit&ultrices=amet&erat=justo&tortor=morbi&sollicitudin=ut&mi=odio&sit=cras&amet=mi&lobortis=pede&sapien=malesuada&sapien=in&non=imperdiet&mi=et&integer=commodo&ac=vulputate&neque=justo&duis=in&bibendum=blandit&morbi=ultrices&non=enim&quam=lorem&nec=ipsum&dui=dolor&luctus=sit&rutrum=amet&nulla=consectetuer&tellus=adipiscing&in=elit&sagittis=proin&dui=interdum&vel=mauris&nisl=non&duis=ligula&ac=pellentesque&nibh=ultrices&fusce=phasellus&lacus=id&purus=sapien&aliquet=in&at=sapien&feugiat=iaculis&non=congue&pretium=vivamus&quis=metus&lectus=arcu&suspendisse=adipiscing&potenti=molestie&in=hendrerit&eleifend=at&quam=vulputate&a=vitae&odio=nisl&in=aenean&hac=lectus&habitasse=pellentesque&platea=eget&dictumst=nunc&maecenas=donec&ut=quis&massa=orci&quis=eget&augue=orci&luctus=vehicula&tincidunt=condimentum,,,,,,,,,0.0502853393554688,,,,,,,,,,,,,,,,,,,,,,,,,,,,,,,,,,,,,,,,,,,,,,,,,,,,,,,,,,,,,,,,,,,,,,,,,,,,,,,,,,,,,,,,,,,
00daadc9-2c47-46ce-be42-218046320ade,https://thetimes.co.uk/id/sapien/in.png?felis=montes&fusce=nascetur&posuere=ridiculus&felis=mus&sed=vivamus&lacus=vestibulum&morbi=sagittis&sem=sapien&mauris=cum&laoreet=sociis&ut=natoque&rhoncus=penatibus&aliquet=et&pulvinar=magnis&sed=dis&nisl=parturient&nunc=montes&rhoncus=nascetur&dui=ridiculus&vel=mus&sem=etiam&sed=vel&sagittis=augue&nam=vestibulum,,,,,,,,,,0.0499129295349121,,,,,,,,,,,,,,,,,,,,,,,,,,,,,,,,,,,,,,,,,,,,,,,,,,,,,,,,,,,,,,,,,,,,,,,,,,,,,,,,,,,,,,,,,,
01057ee4-eee2-43e9-ad0d-3a7921d97be3,https://cdbaby.com/eu/magna/vulputate/luctus.js?eleifend=consequat&pede=morbi&libero=a&quis=ipsum&orci=integer&nullam=a&molestie=nibh&nibh=in&in=quis&lectus=justo&pellentesque=maecenas&at=rhoncus&nulla=aliquam&suspendisse=lacus&potenti=morbi&cras=quis&in=tortor&purus=id&eu=nulla&magna=ultrices&vulputate=aliquet&luctus=maecenas&cum=leo&sociis=odio&natoque=condimentum&penatibus=id&et=luctus&magnis=nec&dis=molestie&parturient=sed&montes=justo&nascetur=pellentesque&ridiculus=viverra&mus=pede&vivamus=ac&vestibulum=diam&sagittis=cras&sapien=pellentesque&cum=volutpat&sociis=dui&natoque=maecenas&penatibus=tristique&et=est&magnis=et&dis=tempus&parturient=semper&montes=est&nascetur=quam,,,,,,,,,,,0.0507626533508301,,,,,,,,,,,,,,,,,,,,,,,,,,,,,,,,,,,,,,,,,,,,,,,,,,,,,,,,,,,,,,,,,,,,,,,,,,,,,,,,,,,,,,,,,
011d70d0-c904-45d9-8576-57d1a484c27b,http://mit.edu/libero/rutrum/ac/lobortis/vel/dapibus.json?interdum=rutrum&eu=at&tincidunt=lorem&in=integer&leo=tincidunt&maecenas=ante&pulvinar=vel&lobortis=ipsum&est=praesent&phasellus=blandit&sit=lacinia&amet=erat&erat=vestibulum&nulla=sed&tempus=magna&vivamus=at&in=nunc&felis=commodo&eu=placerat&sapien=praesent&cursus=blandit&vestibulum=nam&proin=nulla&eu=integer&mi=pede&nulla=justo&ac=lacinia&enim=eget&in=tincidunt&tempor=eget&turpis=tempus&nec=vel&euismod=pede&scelerisque=morbi&quam=porttitor&turpis=lorem&adipiscing=id&lorem=ligula&vitae=suspendisse&mattis=ornare&nibh=consequat&ligula=lectus&nec=in&sem=est&duis=risus&aliquam=auctor&convallis=sed&nunc=tristique&proin=in&at=tempus&turpis=sit&a=amet&pede=sem&posuere=fusce&nonummy=consequat&integer=nulla&non=nisl&velit=nunc&donec=nisl&diam=duis&neque=bibendum&vestibulum=felis&eget=sed&vulputate=interdum&ut=venenatis&ultrices=turpis&vel=enim&augue=blandit&vestibulum=mi&ante=in&ipsum=porttitor&primis=pede&in=justo&faucibus=eu&orci=massa&luctus=donec&et=dapibus&ultrices=duis&posuere=at&cubilia=velit&curae=eu&donec=est&pharetra=congue&magna=elementum,,,,,,,,,,,,0.0509858131408691,,,,,,,,,,,,,,,,,,,,,,,,,,,,,,,,,,,,,,,,,,,,,,,,,,,,,,,,,,,,,,,,,,,,,,,,,,,,,,,,,,,,,,,,
0132d7e8-ab00-4b92-9e39-fa0d0c153ea1,http://51.la/sed/ante/vivamus/tortor/duis/mattis/egestas.jsp?pede=consequat&ac=morbi&diam=a&cras=ipsum&pellentesque=integer&volutpat=a&dui=nibh&maecenas=in&tristique=quis&est=justo&et=maecenas&tempus=rhoncus&semper=aliquam&est=lacus&quam=morbi&pharetra=quis&magna=tortor&ac=id&consequat=nulla&metus=ultrices&sapien=aliquet&ut=maecenas&nunc=leo&vestibulum=odio&ante=condimentum&ipsum=id&primis=luctus&in=nec&faucibus=molestie&orci=sed&luctus=justo&et=pellentesque&ultrices=viverra&posuere=pede&cubilia=ac&curae=diam&mauris=cras&viverra=pellentesque&diam=volutpat&vitae=dui&quam=maecenas&suspendisse=tristique&potenti=est&nullam=et&porttitor=tempus&lacus=semper&at=est&turpis=quam&donec=pharetra&posuere=magna&metus=ac&vitae=consequat&ipsum=metus&aliquam=sapien&non=ut&mauris=nunc&morbi=vestibulum&non=ante&lectus=ipsum&aliquam=primis&sit=in&amet=faucibus&diam=orci&in=luctus&magna=et&bibendum=ultrices&imperdiet=posuere&nullam=cubilia&orci=curae&pede=mauris&venenatis=viverra&non=diam&sodales=vitae&sed=quam&tincidunt=suspendisse&eu=potenti&felis=nullam&fusce=porttitor&posuere=lacus&felis=at&sed=turpis&lacus=donec&morbi=posuere&sem=metus&mauris=vitae&laoreet=ipsum&ut=aliquam&rhoncus=non&aliquet=mauris&pulvinar=morbi&sed=non&nisl=lectus&nunc=aliquam&rhoncus=sit&dui=amet,,,,,,,,,,,,,0.0502045154571533,,,,,,,,,,,,,,,,,,,,,,,,,,,,,,,,,,,,,,,,,,,,,,,,,,,,,,,,,,,,,,,,,,,,,,,,,,,,,,,,,,,,,,,
013a0698-826d-47c2-a44a-baa3d59c734d,https://github.com/tincidunt/nulla/mollis/molestie.jpg?quis=accumsan&turpis=tellus&sed=nisi&ante=eu&vivamus=orci&tortor=mauris&duis=lacinia&mattis=sapien&egestas=quis&metus=libero&aenean=nullam&fermentum=sit&donec=amet&ut=turpis&mauris=elementum&eget=ligula&massa=vehicula&tempor=consequat&convallis=morbi&nulla=a&neque=ipsum&libero=integer&convallis=a&eget=nibh&eleifend=in&luctus=quis&ultricies=justo&eu=maecenas&nibh=rhoncus&quisque=aliquam&id=lacus&justo=morbi&sit=quis&amet=tortor&sapien=id&dignissim=nulla&vestibulum=ultrices&vestibulum=aliquet&ante=maecenas&ipsum=leo&primis=odio&in=condimentum&faucibus=id&orci=luctus&luctus=nec&et=molestie&ultrices=sed&posuere=justo&cubilia=pellentesque&curae=viverra&nulla=pede&dapibus=ac&dolor=diam&vel=cras&est=pellentesque&donec=volutpat&odio=dui&justo=maecenas&sollicitudin=tristique&ut=est&suscipit=et&a=tempus&feugiat=semper&et=est&eros=quam,,,,,,,,,,,,,,0.0495336055755615,,,,,,,,,,,,,,,,,,,,,,,,,,,,,,,,,,,,,,,,,,,,,,,,,,,,,,,,,,,,,,,,,,,,,,,,,,,,,,,,,,,,,,
014b9d7d-5a2d-4b99-8e54-184f72d091f9,https://altervista.org/quisque/arcu/libero/rutrum/ac/lobortis.json?interdum=a&mauris=pede&non=posuere&ligula=nonummy&pellentesque=integer&ultrices=non&phasellus=velit&id=donec&sapien=diam&in=neque&sapien=vestibulum&iaculis=eget&congue=vulputate&vivamus=ut&metus=ultrices&arcu=vel&adipiscing=augue&molestie=vestibulum&hendrerit=ante&at=ipsum&vulputate=primis&vitae=in&nisl=faucibus&aenean=orci&lectus=luctus&pellentesque=et&eget=ultrices&nunc=posuere&donec=cubilia&quis=curae&orci=donec&eget=pharetra&orci=magna&vehicula=vestibulum&condimentum=aliquet&curabitur=ultrices&in=erat&libero=tortor&ut=sollicitudin&massa=mi&volutpat=sit&convallis=amet&morbi=lobortis&odio=sapien&odio=sapien&elementum=non&eu=mi&interdum=integer&eu=ac&tincidunt=neque&in=duis&leo=bibendum&maecenas=morbi&pulvinar=non&lobortis=quam&est=nec&phasellus=dui&sit=luctus&amet=rutrum&erat=nulla&nulla=tellus&tempus=in,,,,,,,,,,,,,,,0.0559165477752686,,,,,,,,,,,,,,,,,,,,,,,,,,,,,,,,,,,,,,,,,,,,,,,,,,,,,,,,,,,,,,,,,,,,,,,,,,,,,,,,,,,,,
01722874-00cb-4ce1-84f4-3c335a83384e,https://harvard.edu/morbi.jsp?sollicitudin=potenti&vitae=nullam&consectetuer=porttitor&eget=lacus&rutrum=at&at=turpis&lorem=donec&integer=posuere&tincidunt=metus&ante=vitae&vel=ipsum&ipsum=aliquam&praesent=non&blandit=mauris&lacinia=morbi&erat=non&vestibulum=lectus&sed=aliquam&magna=sit&at=amet&nunc=diam&commodo=in&placerat=magna&praesent=bibendum&blandit=imperdiet,,,,,,,,,,,,,,,,0.0503871440887451,,,,,,,,,,,,,,,,,,,,,,,,,,,,,,,,,,,,,,,,,,,,,,,,,,,,,,,,,,,,,,,,,,,,,,,,,,,,,,,,,,,,
0180ce93-4e9b-4294-ad55-0aa76ab6aaec,https://yelp.com/neque/sapien/placerat/ante.png?est=bibendum&quam=felis&pharetra=sed&magna=interdum&ac=venenatis&consequat=turpis&metus=enim&sapien=blandit&ut=mi,,,,,,,,,,,,,,,,,0.0503618717193604,,,,,,,,,,,,,,,,,,,,,,,,,,,,,,,,,,,,,,,,,,,,,,,,,,,,,,,,,,,,,,,,,,,,,,,,,,,,,,,,,,,
01c995a7-6e2c-4f61-bc97-96096de6beeb,https://buzzfeed.com/a/ipsum/integer.html?quam=aliquam&suspendisse=quis&potenti=turpis&nullam=eget&porttitor=elit&lacus=sodales&at=scelerisque&turpis=mauris&donec=sit&posuere=amet&metus=eros&vitae=suspendisse&ipsum=accumsan&aliquam=tortor&non=quis&mauris=turpis&morbi=sed&non=ante&lectus=vivamus&aliquam=tortor&sit=duis&amet=mattis&diam=egestas&in=metus&magna=aenean&bibendum=fermentum&imperdiet=donec&nullam=ut&orci=mauris&pede=eget&venenatis=massa&non=tempor&sodales=convallis&sed=nulla&tincidunt=neque&eu=libero&felis=convallis&fusce=eget&posuere=eleifend&felis=luctus&sed=ultricies&lacus=eu&morbi=nibh&sem=quisque&mauris=id&laoreet=justo&ut=sit&rhoncus=amet&aliquet=sapien&pulvinar=dignissim&sed=vestibulum&nisl=vestibulum&nunc=ante&rhoncus=ipsum&dui=primis&vel=in&sem=faucibus&sed=orci&sagittis=luctus&nam=et&congue=ultrices&risus=posuere&semper=cubilia&porta=curae&volutpat=nulla&quam=dapibus&pede=dolor&lobortis=vel,,,,,,,,,,,,,,,,,,0.0512070655822754,,,,,,,,,,,,,,,,,,,,,,,,,,,,,,,,,,,,,,,,,,,,,,,,,,,,,,,,,,,,,,,,,,,,,,,,,,,,,,,,,,
01d06459-6995-4e7b-8cfa-9e978256fbe3,https://edublogs.org/maecenas/rhoncus/aliquam/lacus/morbi.aspx?curae=dictumst&nulla=morbi&dapibus=vestibulum&dolor=velit&vel=id&est=pretium&donec=iaculis&odio=diam&justo=erat&sollicitudin=fermentum&ut=justo&suscipit=nec&a=condimentum&feugiat=neque&et=sapien&eros=placerat&vestibulum=ante&ac=nulla&est=justo&lacinia=aliquam&nisi=quis&venenatis=turpis&tristique=eget&fusce=elit&congue=sodales&diam=scelerisque&id=mauris&ornare=sit&imperdiet=amet&sapien=eros&urna=suspendisse&pretium=accumsan&nisl=tortor&ut=quis&volutpat=turpis&sapien=sed,,,,,,,,,,,,,,,,,,,0.0495858192443848,,,,,,,,,,,,,,,,,,,,,,,,,,,,,,,,,,,,,,,,,,,,,,,,,,,,,,,,,,,,,,,,,,,,,,,,,,,,,,,,,
01f00b31-9a36-4832-a98f-6d74d1772ed0,http://mac.com/semper/sapien.jpg?vel=donec&ipsum=ut&praesent=dolor&blandit=morbi&lacinia=vel&erat=lectus&vestibulum=in&sed=quam&magna=fringilla&at=rhoncus&nunc=mauris&commodo=enim&placerat=leo&praesent=rhoncus&blandit=sed&nam=vestibulum&nulla=sit&integer=amet&pede=cursus&justo=id&lacinia=turpis,,,,,,,,,,,,,,,,,,,,0.0520346164703369,,,,,,,,,,,,,,,,,,,,,,,,,,,,,,,,,,,,,,,,,,,,,,,,,,,,,,,,,,,,,,,,,,,,,,,,,,,,,,,,
01f7f7b4-de0a-4779-b815-3eb9f3bfb44f,http://cyberchimps.com/adipiscing/molestie/hendrerit/at.html?natoque=felis&penatibus=sed&et=lacus&magnis=morbi&dis=sem&parturient=mauris&montes=laoreet&nascetur=ut&ridiculus=rhoncus&mus=aliquet&vivamus=pulvinar&vestibulum=sed&sagittis=nisl&sapien=nunc&cum=rhoncus&sociis=dui&natoque=vel&penatibus=sem&et=sed&magnis=sagittis&dis=nam&parturient=congue&montes=risus&nascetur=semper&ridiculus=porta&mus=volutpat&etiam=quam&vel=pede&augue=lobortis&vestibulum=ligula&rutrum=sit&rutrum=amet&neque=eleifend&aenean=pede&auctor=libero&gravida=quis&sem=orci&praesent=nullam,,,,,,,,,,,,,,,,,,,,,0.0517399311065674,,,,,,,,,,,,,,,,,,,,,,,,,,,,,,,,,,,,,,,,,,,,,,,,,,,,,,,,,,,,,,,,,,,,,,,,,,,,,,,
01fcf4b9-b04d-4c6b-90ce-0be8f7f6ad18,http://bloglovin.com/quis/orci/nullam/molestie/nibh/in.jpg?nulla=proin&neque=leo&libero=odio&convallis=porttitor&eget=id&eleifend=consequat&luctus=in&ultricies=consequat&eu=ut&nibh=nulla&quisque=sed&id=accumsan&justo=felis&sit=ut&amet=at&sapien=dolor&dignissim=quis&vestibulum=odio&vestibulum=consequat&ante=varius&ipsum=integer&primis=ac&in=leo&faucibus=pellentesque&orci=ultrices&luctus=mattis&et=odio&ultrices=donec&posuere=vitae&cubilia=nisi&curae=nam&nulla=ultrices&dapibus=libero&dolor=non&vel=mattis&est=pulvinar&donec=nulla&odio=pede&justo=ullamcorper&sollicitudin=augue&ut=a&suscipit=suscipit&a=nulla&feugiat=elit&et=ac&eros=nulla&vestibulum=sed&ac=vel&est=enim&lacinia=sit&nisi=amet&venenatis=nunc&tristique=viverra&fusce=dapibus&congue=nulla&diam=suscipit&id=ligula&ornare=in&imperdiet=lacus&sapien=curabitur&urna=at&pretium=ipsum&nisl=ac&ut=tellus&volutpat=semper&sapien=interdum&arcu=mauris&sed=ullamcorper&augue=purus&aliquam=sit&erat=amet&volutpat=nulla&in=quisque&congue=arcu&etiam=libero&justo=rutrum&etiam=ac&pretium=lobortis&iaculis=vel&justo=dapibus&in=at&hac=diam&habitasse=nam&platea=tristique&dictumst=tortor&etiam=eu,,,,,,,,,,,,,,,,,,,,,,0.0539181232452393,,,,,,,,,,,,,,,,,,,,,,,,,,,,,,,,,,,,,,,,,,,,,,,,,,,,,,,,,,,,,,,,,,,,,,,,,,,,,,
0211c2ec-55f8-4d32-b5d8-2e282f4e9466,http://devhub.com/nunc/vestibulum/ante/ipsum/primis/in.png?ante=ipsum&vivamus=primis&tortor=in&duis=faucibus&mattis=orci&egestas=luctus&metus=et&aenean=ultrices&fermentum=posuere&donec=cubilia&ut=curae&mauris=mauris&eget=viverra&massa=diam&tempor=vitae&convallis=quam&nulla=suspendisse&neque=potenti&libero=nullam&convallis=porttitor&eget=lacus&eleifend=at&luctus=turpis&ultricies=donec&eu=posuere&nibh=metus&quisque=vitae&id=ipsum&justo=aliquam&sit=non&amet=mauris&sapien=morbi&dignissim=non&vestibulum=lectus&vestibulum=aliquam&ante=sit&ipsum=amet&primis=diam&in=in&faucibus=magna&orci=bibendum&luctus=imperdiet&et=nullam&ultrices=orci&posuere=pede&cubilia=venenatis&curae=non&nulla=sodales&dapibus=sed&dolor=tincidunt&vel=eu&est=felis&donec=fusce&odio=posuere&justo=felis&sollicitudin=sed&ut=lacus&suscipit=morbi&a=sem&feugiat=mauris&et=laoreet&eros=ut&vestibulum=rhoncus&ac=aliquet&est=pulvinar,,,,,,,,,,,,,,,,,,,,,,,0.0611002445220947,,,,,,,,,,,,,,,,,,,,,,,,,,,,,,,,,,,,,,,,,,,,,,,,,,,,,,,,,,,,,,,,,,,,,,,,,,,,,
021b77b7-7ab6-4b4c-9da2-095cfe46ff10,http://webnode.com/sit/amet.json?adipiscing=quam&lorem=sollicitudin&vitae=vitae&mattis=consectetuer&nibh=eget&ligula=rutrum&nec=at&sem=lorem&duis=integer&aliquam=tincidunt&convallis=ante&nunc=vel&proin=ipsum&at=praesent&turpis=blandit&a=lacinia&pede=erat&posuere=vestibulum&nonummy=sed&integer=magna&non=at&velit=nunc&donec=commodo&diam=placerat&neque=praesent&vestibulum=blandit&eget=nam&vulputate=nulla&ut=integer&ultrices=pede&vel=justo&augue=lacinia&vestibulum=eget&ante=tincidunt&ipsum=eget&primis=tempus&in=vel&faucibus=pede&orci=morbi&luctus=porttitor&et=lorem&ultrices=id&posuere=ligula&cubilia=suspendisse&curae=ornare&donec=consequat&pharetra=lectus&magna=in,,,,,,,,,,,,,,,,,,,,,,,,0.0495254993438721,,,,,,,,,,,,,,,,,,,,,,,,,,,,,,,,,,,,,,,,,,,,,,,,,,,,,,,,,,,,,,,,,,,,,,,,,,,,
02239df2-69f4-4331-9fe8-8471cd4892ff,https://cpanel.net/in/sagittis/dui/vel/nisl/duis/ac.png?vestibulum=aliquet&ante=ultrices&ipsum=erat&primis=tortor&in=sollicitudin&faucibus=mi&orci=sit&luctus=amet&et=lobortis&ultrices=sapien&posuere=sapien&cubilia=non&curae=mi&donec=integer&pharetra=ac&magna=neque&vestibulum=duis&aliquet=bibendum&ultrices=morbi&erat=non&tortor=quam&sollicitudin=nec&mi=dui&sit=luctus&amet=rutrum&lobortis=nulla&sapien=tellus&sapien=in&non=sagittis&mi=dui&integer=vel&ac=nisl&neque=duis&duis=ac&bibendum=nibh&morbi=fusce&non=lacus&quam=purus&nec=aliquet&dui=at&luctus=feugiat&rutrum=non&nulla=pretium&tellus=quis&in=lectus&sagittis=suspendisse&dui=potenti&vel=in&nisl=eleifend&duis=quam&ac=a&nibh=odio&fusce=in&lacus=hac&purus=habitasse&aliquet=platea&at=dictumst&feugiat=maecenas&non=ut&pretium=massa&quis=quis&lectus=augue,,,,,,,,,,,,,,,,,,,,,,,,,0.0532903671264648,,,,,,,,,,,,,,,,,,,,,,,,,,,,,,,,,,,,,,,,,,,,,,,,,,,,,,,,,,,,,,,,,,,,,,,,,,,
02286b6b-588d-43da-877a-0f90a2a42f52,https://gnu.org/praesent/lectus/vestibulum/quam.json?vestibulum=pretium&ante=iaculis&ipsum=justo&primis=in&in=hac&faucibus=habitasse&orci=platea&luctus=dictumst&et=etiam&ultrices=faucibus&posuere=cursus&cubilia=urna&curae=ut&duis=tellus&faucibus=nulla&accumsan=ut&odio=erat&curabitur=id&convallis=mauris&duis=vulputate&consequat=elementum&dui=nullam&nec=varius&nisi=nulla&volutpat=facilisi&eleifend=cras&donec=non&ut=velit&dolor=nec&morbi=nisi&vel=vulputate&lectus=nonummy&in=maecenas&quam=tincidunt&fringilla=lacus&rhoncus=at&mauris=velit&enim=vivamus&leo=vel&rhoncus=nulla&sed=eget&vestibulum=eros&sit=elementum&amet=pellentesque&cursus=quisque&id=porta&turpis=volutpat&integer=erat&aliquet=quisque&massa=erat&id=eros&lobortis=viverra&convallis=eget&tortor=congue&risus=eget&dapibus=semper&augue=rutrum&vel=nulla&accumsan=nunc&tellus=purus&nisi=phasellus&eu=in&orci=felis&mauris=donec&lacinia=semper&sapien=sapien&quis=a&libero=libero&nullam=nam&sit=dui&amet=proin&turpis=leo&elementum=odio&ligula=porttitor&vehicula=id&consequat=consequat&morbi=in&a=consequat&ipsum=ut&integer=nulla&a=sed&nibh=accumsan&in=felis&quis=ut&justo=at&maecenas=dolor&rhoncus=quis&aliquam=odio&lacus=consequat&morbi=varius&quis=integer&tortor=ac&id=leo&nulla=pellentesque&ultrices=ultrices&aliquet=mattis&maecenas=odio&leo=donec&odio=vitae&condimentum=nisi,,,,,,,,,,,,,,,,,,,,,,,,,,0.0506026744842529,,,,,,,,,,,,,,,,,,,,,,,,,,,,,,,,,,,,,,,,,,,,,,,,,,,,,,,,,,,,,,,,,,,,,,,,,,
0229d2fd-46e1-4afc-80d7-484dbbbdceab,https://senate.gov/quisque/id.png?venenatis=curae&turpis=nulla&enim=dapibus&blandit=dolor&mi=vel&in=est&porttitor=donec&pede=odio&justo=justo&eu=sollicitudin&massa=ut&donec=suscipit&dapibus=a&duis=feugiat&at=et&velit=eros&eu=vestibulum&est=ac&congue=est&elementum=lacinia&in=nisi&hac=venenatis&habitasse=tristique&platea=fusce&dictumst=congue&morbi=diam&vestibulum=id&velit=ornare&id=imperdiet&pretium=sapien&iaculis=urna&diam=pretium&erat=nisl&fermentum=ut&justo=volutpat&nec=sapien&condimentum=arcu&neque=sed&sapien=augue&placerat=aliquam&ante=erat&nulla=volutpat&justo=in&aliquam=congue&quis=etiam&turpis=justo&eget=etiam&elit=pretium&sodales=iaculis&scelerisque=justo&mauris=in&sit=hac&amet=habitasse&eros=platea&suspendisse=dictumst&accumsan=etiam&tortor=faucibus&quis=cursus&turpis=urna&sed=ut&ante=tellus&vivamus=nulla&tortor=ut&duis=erat&mattis=id&egestas=mauris&metus=vulputate&aenean=elementum&fermentum=nullam&donec=varius&ut=nulla&mauris=facilisi&eget=cras&massa=non&tempor=velit&convallis=nec&nulla=nisi&neque=vulputate&libero=nonummy&convallis=maecenas&eget=tincidunt&eleifend=lacus&luctus=at&ultricies=velit&eu=vivamus&nibh=vel&quisque=nulla&id=eget&justo=eros&sit=elementum&amet=pellentesque&sapien=quisque,,,,,,,,,,,,,,,,,,,,,,,,,,,0.0501019954681397,,,,,,,,,,,,,,,,,,,,,,,,,,,,,,,,,,,,,,,,,,,,,,,,,,,,,,,,,,,,,,,,,,,,,,,,,
0239107f-9cff-4dd5-8811-a577f0f0bb6f,http://wikimedia.org/duis/consequat/dui/nec/nisi/volutpat.jpg?vestibulum=ipsum&sagittis=dolor&sapien=sit&cum=amet&sociis=consectetuer&natoque=adipiscing&penatibus=elit&et=proin&magnis=risus&dis=praesent&parturient=lectus&montes=vestibulum&nascetur=quam&ridiculus=sapien&mus=varius&etiam=ut&vel=blandit&augue=non&vestibulum=interdum&rutrum=in&rutrum=ante&neque=vestibulum&aenean=ante&auctor=ipsum&gravida=primis&sem=in&praesent=faucibus&id=orci&massa=luctus&id=et&nisl=ultrices&venenatis=posuere&lacinia=cubilia&aenean=curae&sit=duis&amet=faucibus&justo=accumsan&morbi=odio&ut=curabitur&odio=convallis&cras=duis&mi=consequat&pede=dui&malesuada=nec&in=nisi&imperdiet=volutpat&et=eleifend&commodo=donec,,,,,,,,,,,,,,,,,,,,,,,,,,,,0.0498940944671631,,,,,,,,,,,,,,,,,,,,,,,,,,,,,,,,,,,,,,,,,,,,,,,,,,,,,,,,,,,,,,,,,,,,,,,,
02710bc8-c490-42fb-9cc6-8915daf048f8,https://ucoz.com/in/faucibus/orci/luctus/et/ultrices.json?dictumst=aliquam&maecenas=sit&ut=amet&massa=diam&quis=in&augue=magna&luctus=bibendum&tincidunt=imperdiet&nulla=nullam&mollis=orci&molestie=pede&lorem=venenatis&quisque=non&ut=sodales&erat=sed&curabitur=tincidunt&gravida=eu&nisi=felis&at=fusce&nibh=posuere&in=felis&hac=sed&habitasse=lacus&platea=morbi&dictumst=sem&aliquam=mauris&augue=laoreet&quam=ut&sollicitudin=rhoncus&vitae=aliquet&consectetuer=pulvinar&eget=sed&rutrum=nisl&at=nunc&lorem=rhoncus&integer=dui&tincidunt=vel&ante=sem&vel=sed&ipsum=sagittis&praesent=nam&blandit=congue&lacinia=risus&erat=semper&vestibulum=porta&sed=volutpat&magna=quam&at=pede&nunc=lobortis&commodo=ligula&placerat=sit,,,,,,,,,,,,,,,,,,,,,,,,,,,,,0.0536251068115234,,,,,,,,,,,,,,,,,,,,,,,,,,,,,,,,,,,,,,,,,,,,,,,,,,,,,,,,,,,,,,,,,,,,,,,
028b55b2-08eb-4345-b01e-edf62b28a8ca,http://google.de/vulputate.html?nullam=eleifend&sit=quam&amet=a&turpis=odio&elementum=in&ligula=hac&vehicula=habitasse,,,,,,,,,,,,,,,,,,,,,,,,,,,,,,0.0502727031707764,,,,,,,,,,,,,,,,,,,,,,,,,,,,,,,,,,,,,,,,,,,,,,,,,,,,,,,,,,,,,,,,,,,,,,
02b2ad45-c4c6-4e9a-be0b-8e6198d3cac3,http://paypal.com/praesent/blandit/lacinia/erat/vestibulum/sed.jsp?libero=pede&nam=justo&dui=lacinia&proin=eget&leo=tincidunt&odio=eget&porttitor=tempus&id=vel&consequat=pede&in=morbi&consequat=porttitor&ut=lorem&nulla=id&sed=ligula&accumsan=suspendisse&felis=ornare&ut=consequat&at=lectus&dolor=in&quis=est&odio=risus&consequat=auctor&varius=sed&integer=tristique&ac=in&leo=tempus&pellentesque=sit&ultrices=amet,,,,,,,,,,,,,,,,,,,,,,,,,,,,,,,0.0558929443359375,,,,,,,,,,,,,,,,,,,,,,,,,,,,,,,,,,,,,,,,,,,,,,,,,,,,,,,,,,,,,,,,,,,,,
02c2418c-6bbf-4798-8236-951b6d8408eb,https://aol.com/suspendisse/ornare.json?eget=nulla&orci=neque&vehicula=libero&condimentum=convallis&curabitur=eget&in=eleifend&libero=luctus&ut=ultricies&massa=eu&volutpat=nibh&convallis=quisque&morbi=id&odio=justo&odio=sit&elementum=amet&eu=sapien&interdum=dignissim&eu=vestibulum&tincidunt=vestibulum&in=ante&leo=ipsum&maecenas=primis&pulvinar=in&lobortis=faucibus&est=orci&phasellus=luctus&sit=et&amet=ultrices&erat=posuere&nulla=cubilia&tempus=curae&vivamus=nulla&in=dapibus&felis=dolor&eu=vel&sapien=est&cursus=donec&vestibulum=odio&proin=justo&eu=sollicitudin&mi=ut&nulla=suscipit&ac=a&enim=feugiat&in=et&tempor=eros&turpis=vestibulum&nec=ac&euismod=est&scelerisque=lacinia&quam=nisi&turpis=venenatis&adipiscing=tristique&lorem=fusce&vitae=congue&mattis=diam&nibh=id&ligula=ornare&nec=imperdiet&sem=sapien&duis=urna&aliquam=pretium&convallis=nisl&nunc=ut&proin=volutpat&at=sapien&turpis=arcu&a=sed&pede=augue&posuere=aliquam&nonummy=erat&integer=volutpat&non=in&velit=congue&donec=etiam&diam=justo,,,,,,,,,,,,,,,,,,,,,,,,,,,,,,,,0.0495822429656982,,,,,,,,,,,,,,,,,,,,,,,,,,,,,,,,,,,,,,,,,,,,,,,,,,,,,,,,,,,,,,,,,,,,
02cff5ba-fc68-45d4-b903-f2f8b3c5442e,http://phpbb.com/in.jsp?nibh=quam&in=pharetra&quis=magna&justo=ac&maecenas=consequat&rhoncus=metus&aliquam=sapien,,,,,,,,,,,,,,,,,,,,,,,,,,,,,,,,,0.0494754314422607,,,,,,,,,,,,,,,,,,,,,,,,,,,,,,,,,,,,,,,,,,,,,,,,,,,,,,,,,,,,,,,,,,,
02e1caa9-7470-4312-ad1d-b0520ede5fd9,http://yahoo.com/ante/ipsum.jpg?viverra=augue&pede=vestibulum&ac=rutrum&diam=rutrum&cras=neque&pellentesque=aenean&volutpat=auctor&dui=gravida&maecenas=sem&tristique=praesent&est=id&et=massa&tempus=id&semper=nisl&est=venenatis&quam=lacinia&pharetra=aenean&magna=sit&ac=amet&consequat=justo&metus=morbi&sapien=ut&ut=odio&nunc=cras&vestibulum=mi&ante=pede&ipsum=malesuada&primis=in&in=imperdiet&faucibus=et&orci=commodo&luctus=vulputate&et=justo&ultrices=in&posuere=blandit&cubilia=ultrices&curae=enim&mauris=lorem&viverra=ipsum&diam=dolor&vitae=sit&quam=amet&suspendisse=consectetuer&potenti=adipiscing&nullam=elit&porttitor=proin&lacus=interdum&at=mauris&turpis=non&donec=ligula&posuere=pellentesque&metus=ultrices&vitae=phasellus&ipsum=id&aliquam=sapien&non=in&mauris=sapien&morbi=iaculis&non=congue&lectus=vivamus&aliquam=metus&sit=arcu&amet=adipiscing&diam=molestie&in=hendrerit&magna=at&bibendum=vulputate&imperdiet=vitae&nullam=nisl&orci=aenean&pede=lectus&venenatis=pellentesque&non=eget,,,,,,,,,,,,,,,,,,,,,,,,,,,,,,,,,,0.0672388076782227,,,,,,,,,,,,,,,,,,,,,,,,,,,,,,,,,,,,,,,,,,,,,,,,,,,,,,,,,,,,,,,,,,
0322007b-e841-4a67-8f6c-b91706cc44ed,https://pen.io/vestibulum/eget/vulputate/ut/ultrices.jpg?natoque=mauris&penatibus=laoreet&et=ut&magnis=rhoncus&dis=aliquet&parturient=pulvinar&montes=sed&nascetur=nisl&ridiculus=nunc&mus=rhoncus&etiam=dui&vel=vel&augue=sem&vestibulum=sed&rutrum=sagittis&rutrum=nam&neque=congue&aenean=risus&auctor=semper&gravida=porta&sem=volutpat&praesent=quam&id=pede&massa=lobortis&id=ligula&nisl=sit&venenatis=amet&lacinia=eleifend&aenean=pede&sit=libero&amet=quis&justo=orci&morbi=nullam&ut=molestie&odio=nibh&cras=in&mi=lectus&pede=pellentesque&malesuada=at&in=nulla&imperdiet=suspendisse&et=potenti&commodo=cras&vulputate=in&justo=purus&in=eu&blandit=magna&ultrices=vulputate&enim=luctus&lorem=cum&ipsum=sociis&dolor=natoque&sit=penatibus&amet=et&consectetuer=magnis&adipiscing=dis&elit=parturient&proin=montes&interdum=nascetur&mauris=ridiculus&non=mus&ligula=vivamus&pellentesque=vestibulum&ultrices=sagittis&phasellus=sapien&id=cum&sapien=sociis&in=natoque&sapien=penatibus&iaculis=et&congue=magnis&vivamus=dis&metus=parturient&arcu=montes,,,,,,,,,,,,,,,,,,,,,,,,,,,,,,,,,,,0.051166296005249,,,,,,,,,,,,,,,,,,,,,,,,,,,,,,,,,,,,,,,,,,,,,,,,,,,,,,,,,,,,,,,,,
0347b6d0-b679-46e5-8437-fbd4df1dd4cb,http://hp.com/lobortis/sapien.jpg?aenean=sit&sit=amet&amet=turpis&justo=elementum&morbi=ligula&ut=vehicula&odio=consequat&cras=morbi&mi=a&pede=ipsum&malesuada=integer&in=a&imperdiet=nibh&et=in&commodo=quis&vulputate=justo&justo=maecenas&in=rhoncus&blandit=aliquam&ultrices=lacus&enim=morbi&lorem=quis&ipsum=tortor&dolor=id&sit=nulla&amet=ultrices&consectetuer=aliquet&adipiscing=maecenas&elit=leo&proin=odio&interdum=condimentum&mauris=id&non=luctus&ligula=nec&pellentesque=molestie&ultrices=sed&phasellus=justo&id=pellentesque&sapien=viverra&in=pede&sapien=ac&iaculis=diam&congue=cras&vivamus=pellentesque&metus=volutpat&arcu=dui&adipiscing=maecenas&molestie=tristique&hendrerit=est&at=et&vulputate=tempus&vitae=semper&nisl=est&aenean=quam&lectus=pharetra&pellentesque=magna&eget=ac&nunc=consequat&donec=metus&quis=sapien&orci=ut&eget=nunc&orci=vestibulum&vehicula=ante&condimentum=ipsum&curabitur=primis&in=in&libero=faucibus&ut=orci&massa=luctus&volutpat=et&convallis=ultrices&morbi=posuere&odio=cubilia&odio=curae&elementum=mauris&eu=viverra&interdum=diam&eu=vitae&tincidunt=quam&in=suspendisse&leo=potenti&maecenas=nullam&pulvinar=porttitor&lobortis=lacus&est=at,,,,,,,,,,,,,,,,,,,,,,,,,,,,,,,,,,,,0.0506775379180908,,,,,,,,,,,,,,,,,,,,,,,,,,,,,,,,,,,,,,,,,,,,,,,,,,,,,,,,,,,,,,,,
0369c72e-58d3-4cec-ba7a-f231a81bf4d1,https://mtv.com/tempor/convallis.jpg?pretium=pede&iaculis=posuere&justo=nonummy&in=integer&hac=non&habitasse=velit&platea=donec&dictumst=diam&etiam=neque&faucibus=vestibulum&cursus=eget&urna=vulputate&ut=ut&tellus=ultrices&nulla=vel&ut=augue&erat=vestibulum&id=ante,,,,,,,,,,,,,,,,,,,,,,,,,,,,,,,,,,,,,0.0497810840606689,,,,,,,,,,,,,,,,,,,,,,,,,,,,,,,,,,,,,,,,,,,,,,,,,,,,,,,,,,,,,,,
03a2b3dd-f776-4562-bf90-3acc4a997f96,https://biglobe.ne.jp/nibh/fusce.jpg?purus=amet&eu=eros&magna=suspendisse&vulputate=accumsan&luctus=tortor&cum=quis&sociis=turpis&natoque=sed&penatibus=ante&et=vivamus&magnis=tortor&dis=duis&parturient=mattis&montes=egestas&nascetur=metus&ridiculus=aenean&mus=fermentum&vivamus=donec&vestibulum=ut&sagittis=mauris&sapien=eget&cum=massa&sociis=tempor&natoque=convallis&penatibus=nulla&et=neque&magnis=libero&dis=convallis&parturient=eget&montes=eleifend&nascetur=luctus&ridiculus=ultricies&mus=eu&etiam=nibh&vel=quisque&augue=id&vestibulum=justo&rutrum=sit&rutrum=amet&neque=sapien&aenean=dignissim&auctor=vestibulum&gravida=vestibulum&sem=ante&praesent=ipsum&id=primis&massa=in&id=faucibus&nisl=orci&venenatis=luctus&lacinia=et&aenean=ultrices&sit=posuere&amet=cubilia&justo=curae&morbi=nulla&ut=dapibus,,,,,,,,,,,,,,,,,,,,,,,,,,,,,,,,,,,,,,0.0507724285125732,,,,,,,,,,,,,,,,,,,,,,,,,,,,,,,,,,,,,,,,,,,,,,,,,,,,,,,,,,,,,,
03a44ae5-5558-463c-a1e9-cef4b9d1ea1d,https://booking.com/lectus/pellentesque/eget.jsp?integer=nullam&pede=porttitor&justo=lacus&lacinia=at&eget=turpis&tincidunt=donec&eget=posuere&tempus=metus&vel=vitae&pede=ipsum&morbi=aliquam&porttitor=non&lorem=mauris&id=morbi&ligula=non&suspendisse=lectus&ornare=aliquam&consequat=sit&lectus=amet&in=diam&est=in&risus=magna&auctor=bibendum&sed=imperdiet&tristique=nullam&in=orci&tempus=pede&sit=venenatis&amet=non&sem=sodales&fusce=sed&consequat=tincidunt&nulla=eu&nisl=felis&nunc=fusce&nisl=posuere&duis=felis&bibendum=sed&felis=lacus&sed=morbi&interdum=sem&venenatis=mauris&turpis=laoreet&enim=ut&blandit=rhoncus&mi=aliquet&in=pulvinar&porttitor=sed&pede=nisl&justo=nunc&eu=rhoncus&massa=dui&donec=vel&dapibus=sem&duis=sed&at=sagittis&velit=nam&eu=congue&est=risus&congue=semper&elementum=porta&in=volutpat&hac=quam&habitasse=pede&platea=lobortis&dictumst=ligula&morbi=sit&vestibulum=amet&velit=eleifend&id=pede&pretium=libero&iaculis=quis,,,,,,,,,,,,,,,,,,,,,,,,,,,,,,,,,,,,,,,0.0542302131652832,,,,,,,,,,,,,,,,,,,,,,,,,,,,,,,,,,,,,,,,,,,,,,,,,,,,,,,,,,,,,
03bb64fc-0382-4f2b-bf80-307230071eb6,https://alibaba.com/amet/nulla/quisque/arcu.jpg?tincidunt=eu&ante=magna&vel=vulputate&ipsum=luctus&praesent=cum&blandit=sociis&lacinia=natoque&erat=penatibus&vestibulum=et&sed=magnis&magna=dis&at=parturient&nunc=montes&commodo=nascetur&placerat=ridiculus&praesent=mus&blandit=vivamus&nam=vestibulum&nulla=sagittis&integer=sapien&pede=cum&justo=sociis&lacinia=natoque&eget=penatibus&tincidunt=et&eget=magnis&tempus=dis&vel=parturient&pede=montes&morbi=nascetur&porttitor=ridiculus&lorem=mus&id=etiam&ligula=vel&suspendisse=augue&ornare=vestibulum&consequat=rutrum&lectus=rutrum&in=neque&est=aenean&risus=auctor&auctor=gravida&sed=sem&tristique=praesent&in=id&tempus=massa&sit=id&amet=nisl&sem=venenatis&fusce=lacinia&consequat=aenean&nulla=sit&nisl=amet&nunc=justo&nisl=morbi&duis=ut&bibendum=odio&felis=cras&sed=mi&interdum=pede&venenatis=malesuada&turpis=in&enim=imperdiet&blandit=et&mi=commodo&in=vulputate&porttitor=justo&pede=in&justo=blandit&eu=ultrices&massa=enim&donec=lorem&dapibus=ipsum&duis=dolor&at=sit&velit=amet&eu=consectetuer&est=adipiscing&congue=elit&elementum=proin&in=interdum&hac=mauris&habitasse=non&platea=ligula&dictumst=pellentesque&morbi=ultrices&vestibulum=phasellus&velit=id&id=sapien&pretium=in&iaculis=sapien&diam=iaculis&erat=congue&fermentum=vivamus&justo=metus&nec=arcu&condimentum=adipiscing&neque=molestie&sapien=hendrerit&placerat=at,,,,,,,,,,,,,,,,,,,,,,,,,,,,,,,,,,,,,,,,0.0531566143035889,,,,,,,,,,,,,,,,,,,,,,,,,,,,,,,,,,,,,,,,,,,,,,,,,,,,,,,,,,,,
03f381de-c49b-4f9d-bebc-5b21841e8ad7,https://cnn.com/adipiscing.aspx?aliquet=sed&maecenas=augue&leo=aliquam&odio=erat&condimentum=volutpat&id=in&luctus=congue&nec=etiam&molestie=justo&sed=etiam&justo=pretium&pellentesque=iaculis&viverra=justo&pede=in&ac=hac&diam=habitasse&cras=platea&pellentesque=dictumst&volutpat=etiam&dui=faucibus&maecenas=cursus&tristique=urna&est=ut&et=tellus&tempus=nulla&semper=ut&est=erat&quam=id&pharetra=mauris&magna=vulputate&ac=elementum&consequat=nullam&metus=varius&sapien=nulla&ut=facilisi&nunc=cras&vestibulum=non&ante=velit&ipsum=nec&primis=nisi&in=vulputate&faucibus=nonummy&orci=maecenas&luctus=tincidunt&et=lacus&ultrices=at&posuere=velit&cubilia=vivamus&curae=vel&mauris=nulla&viverra=eget&diam=eros&vitae=elementum,,,,,,,,,,,,,,,,,,,,,,,,,,,,,,,,,,,,,,,,,0.0569469928741455,,,,,,,,,,,,,,,,,,,,,,,,,,,,,,,,,,,,,,,,,,,,,,,,,,,,,,,,,,,
042576b9-280d-4b27-9308-e93b8a192e52,https://shinystat.com/sapien/arcu/sed.json?elit=sagittis&sodales=sapien&scelerisque=cum&mauris=sociis&sit=natoque&amet=penatibus&eros=et&suspendisse=magnis&accumsan=dis&tortor=parturient&quis=montes&turpis=nascetur&sed=ridiculus&ante=mus&vivamus=etiam&tortor=vel&duis=augue&mattis=vestibulum&egestas=rutrum&metus=rutrum&aenean=neque&fermentum=aenean&donec=auctor&ut=gravida&mauris=sem&eget=praesent&massa=id&tempor=massa&convallis=id&nulla=nisl&neque=venenatis&libero=lacinia&convallis=aenean&eget=sit&eleifend=amet&luctus=justo&ultricies=morbi&eu=ut&nibh=odio&quisque=cras&id=mi&justo=pede&sit=malesuada&amet=in&sapien=imperdiet&dignissim=et&vestibulum=commodo&vestibulum=vulputate&ante=justo&ipsum=in&primis=blandit&in=ultrices&faucibus=enim&orci=lorem&luctus=ipsum&et=dolor&ultrices=sit&posuere=amet&cubilia=consectetuer&curae=adipiscing&nulla=elit&dapibus=proin&dolor=interdum&vel=mauris&est=non&donec=ligula&odio=pellentesque&justo=ultrices&sollicitudin=phasellus&ut=id&suscipit=sapien&a=in&feugiat=sapien&et=iaculis&eros=congue&vestibulum=vivamus&ac=metus&est=arcu,,,,,,,,,,,,,,,,,,,,,,,,,,,,,,,,,,,,,,,,,,0.0506417751312256,,,,,,,,,,,,,,,,,,,,,,,,,,,,,,,,,,,,,,,,,,,,,,,,,,,,,,,,,,
042afdc4-3bf9-4e3a-98da-a349cc2dc33d,http://nih.gov/in/faucibus/orci/luctus/et.html?non=tincidunt&velit=in&donec=leo&diam=maecenas&neque=pulvinar&vestibulum=lobortis&eget=est&vulputate=phasellus&ut=sit&ultrices=amet&vel=erat&augue=nulla&vestibulum=tempus&ante=vivamus,,,,,,,,,,,,,,,,,,,,,,,,,,,,,,,,,,,,,,,,,,,0.0499393939971924,,,,,,,,,,,,,,,,,,,,,,,,,,,,,,,,,,,,,,,,,,,,,,,,,,,,,,,,,
04320fc0-e02e-4fce-a1ed-aa59a234fbac,http://privacy.gov.au/ut/nulla/sed/accumsan/felis.js?ac=duis&nulla=aliquam&sed=convallis&vel=nunc&enim=proin&sit=at&amet=turpis&nunc=a&viverra=pede&dapibus=posuere&nulla=nonummy&suscipit=integer&ligula=non&in=velit&lacus=donec&curabitur=diam&at=neque&ipsum=vestibulum&ac=eget&tellus=vulputate&semper=ut&interdum=ultrices&mauris=vel&ullamcorper=augue&purus=vestibulum&sit=ante&amet=ipsum&nulla=primis&quisque=in&arcu=faucibus&libero=orci&rutrum=luctus&ac=et&lobortis=ultrices&vel=posuere&dapibus=cubilia&at=curae&diam=donec&nam=pharetra&tristique=magna&tortor=vestibulum&eu=aliquet&pede=ultrices,,,,,,,,,,,,,,,,,,,,,,,,,,,,,,,,,,,,,,,,,,,,0.0878744125366211,,,,,,,,,,,,,,,,,,,,,,,,,,,,,,,,,,,,,,,,,,,,,,,,,,,,,,,,
043d6d23-75fe-4ae1-bf05-afa6024870ff,http://mozilla.com/tortor/id/nulla/ultrices/aliquet/maecenas.aspx?ipsum=vestibulum&primis=proin&in=eu&faucibus=mi&orci=nulla&luctus=ac&et=enim&ultrices=in&posuere=tempor&cubilia=turpis&curae=nec&donec=euismod&pharetra=scelerisque&magna=quam&vestibulum=turpis&aliquet=adipiscing&ultrices=lorem&erat=vitae&tortor=mattis&sollicitudin=nibh&mi=ligula&sit=nec&amet=sem&lobortis=duis&sapien=aliquam&sapien=convallis&non=nunc&mi=proin&integer=at&ac=turpis&neque=a&duis=pede,,,,,,,,,,,,,,,,,,,,,,,,,,,,,,,,,,,,,,,,,,,,,0.0756473541259766,,,,,,,,,,,,,,,,,,,,,,,,,,,,,,,,,,,,,,,,,,,,,,,,,,,,,,,
0460de29-8b8a-4cf1-b0ca-30819f2969b4,http://uiuc.edu/odio.json?mauris=proin&morbi=leo&non=odio&lectus=porttitor&aliquam=id&sit=consequat&amet=in&diam=consequat&in=ut&magna=nulla&bibendum=sed&imperdiet=accumsan&nullam=felis&orci=ut&pede=at&venenatis=dolor&non=quis&sodales=odio&sed=consequat&tincidunt=varius&eu=integer&felis=ac&fusce=leo&posuere=pellentesque&felis=ultrices&sed=mattis&lacus=odio&morbi=donec&sem=vitae&mauris=nisi&laoreet=nam&ut=ultrices&rhoncus=libero&aliquet=non&pulvinar=mattis&sed=pulvinar&nisl=nulla&nunc=pede&rhoncus=ullamcorper&dui=augue&vel=a&sem=suscipit&sed=nulla&sagittis=elit&nam=ac&congue=nulla&risus=sed&semper=vel&porta=enim&volutpat=sit&quam=amet&pede=nunc&lobortis=viverra&ligula=dapibus&sit=nulla&amet=suscipit&eleifend=ligula&pede=in&libero=lacus&quis=curabitur&orci=at&nullam=ipsum&molestie=ac&nibh=tellus&in=semper&lectus=interdum&pellentesque=mauris&at=ullamcorper&nulla=purus&suspendisse=sit&potenti=amet&cras=nulla&in=quisque&purus=arcu&eu=libero&magna=rutrum&vulputate=ac&luctus=lobortis&cum=vel&sociis=dapibus,,,,,,,,,,,,,,,,,,,,,,,,,,,,,,,,,,,,,,,,,,,,,,0.114331245422363,,,,,,,,,,,,,,,,,,,,,,,,,,,,,,,,,,,,,,,,,,,,,,,,,,,,,,
046bbde0-a247-4f01-8212-42f6a810f1aa,https://aol.com/sit/amet/nulla/quisque/arcu/libero.json?dolor=vel&vel=augue&est=vestibulum&donec=ante&odio=ipsum&justo=primis&sollicitudin=in&ut=faucibus&suscipit=orci&a=luctus&feugiat=et&et=ultrices&eros=posuere&vestibulum=cubilia&ac=curae&est=donec&lacinia=pharetra&nisi=magna&venenatis=vestibulum&tristique=aliquet&fusce=ultrices&congue=erat&diam=tortor&id=sollicitudin&ornare=mi&imperdiet=sit&sapien=amet&urna=lobortis&pretium=sapien&nisl=sapien&ut=non&volutpat=mi&sapien=integer&arcu=ac&sed=neque&augue=duis&aliquam=bibendum&erat=morbi&volutpat=non&in=quam&congue=nec&etiam=dui&justo=luctus&etiam=rutrum&pretium=nulla&iaculis=tellus&justo=in&in=sagittis&hac=dui,,,,,,,,,,,,,,,,,,,,,,,,,,,,,,,,,,,,,,,,,,,,,,,0.0511703491210938,,,,,,,,,,,,,,,,,,,,,,,,,,,,,,,,,,,,,,,,,,,,,,,,,,,,,
0490dd22-09f3-401e-9f10-78b5236fb9fa,http://cdc.gov/non.png?lacinia=sapien&nisi=urna&venenatis=pretium&tristique=nisl&fusce=ut&congue=volutpat&diam=sapien&id=arcu&ornare=sed&imperdiet=augue&sapien=aliquam&urna=erat&pretium=volutpat&nisl=in&ut=congue&volutpat=etiam&sapien=justo&arcu=etiam&sed=pretium&augue=iaculis&aliquam=justo&erat=in&volutpat=hac&in=habitasse&congue=platea&etiam=dictumst&justo=etiam&etiam=faucibus&pretium=cursus&iaculis=urna&justo=ut&in=tellus&hac=nulla&habitasse=ut&platea=erat&dictumst=id&etiam=mauris&faucibus=vulputate&cursus=elementum&urna=nullam&ut=varius&tellus=nulla&nulla=facilisi&ut=cras&erat=non&id=velit&mauris=nec&vulputate=nisi&elementum=vulputate&nullam=nonummy&varius=maecenas,,,,,,,,,,,,,,,,,,,,,,,,,,,,,,,,,,,,,,,,,,,,,,,,0.0551943778991699,,,,,,,,,,,,,,,,,,,,,,,,,,,,,,,,,,,,,,,,,,,,,,,,,,,,
04c136e2-e88c-4a3e-a971-dfcfb67fab2f,https://barnesandnoble.com/ornare/imperdiet/sapien/urna/pretium/nisl/ut.jpg?volutpat=cubilia&erat=curae&quisque=donec&erat=pharetra&eros=magna&viverra=vestibulum&eget=aliquet&congue=ultrices&eget=erat&semper=tortor&rutrum=sollicitudin&nulla=mi&nunc=sit&purus=amet&phasellus=lobortis&in=sapien&felis=sapien&donec=non&semper=mi&sapien=integer&a=ac&libero=neque&nam=duis&dui=bibendum&proin=morbi&leo=non&odio=quam&porttitor=nec&id=dui&consequat=luctus&in=rutrum&consequat=nulla&ut=tellus&nulla=in&sed=sagittis&accumsan=dui&felis=vel&ut=nisl&at=duis&dolor=ac&quis=nibh&odio=fusce&consequat=lacus&varius=purus&integer=aliquet&ac=at&leo=feugiat&pellentesque=non&ultrices=pretium&mattis=quis&odio=lectus,,,,,,,,,,,,,,,,,,,,,,,,,,,,,,,,,,,,,,,,,,,,,,,,,0.0771400928497314,,,,,,,,,,,,,,,,,,,,,,,,,,,,,,,,,,,,,,,,,,,,,,,,,,,
04c49f05-b196-41ce-9e4f-a41e24e70f35,https://etsy.com/orci/mauris/lacinia/sapien.png?eu=elementum&orci=ligula&mauris=vehicula&lacinia=consequat&sapien=morbi&quis=a&libero=ipsum&nullam=integer&sit=a&amet=nibh&turpis=in&elementum=quis&ligula=justo&vehicula=maecenas&consequat=rhoncus&morbi=aliquam&a=lacus&ipsum=morbi&integer=quis&a=tortor&nibh=id&in=nulla&quis=ultrices&justo=aliquet&maecenas=maecenas&rhoncus=leo&aliquam=odio&lacus=condimentum&morbi=id&quis=luctus&tortor=nec&id=molestie&nulla=sed&ultrices=justo&aliquet=pellentesque&maecenas=viverra&leo=pede&odio=ac&condimentum=diam&id=cras&luctus=pellentesque&nec=volutpat&molestie=dui&sed=maecenas&justo=tristique&pellentesque=est&viverra=et&pede=tempus&ac=semper&diam=est&cras=quam&pellentesque=pharetra&volutpat=magna&dui=ac&maecenas=consequat&tristique=metus&est=sapien&et=ut&tempus=nunc&semper=vestibulum&est=ante&quam=ipsum&pharetra=primis&magna=in&ac=faucibus&consequat=orci&metus=luctus&sapien=et&ut=ultrices&nunc=posuere&vestibulum=cubilia&ante=curae&ipsum=mauris,,,,,,,,,,,,,,,,,,,,,,,,,,,,,,,,,,,,,,,,,,,,,,,,,,0.0558981895446777,,,,,,,,,,,,,,,,,,,,,,,,,,,,,,,,,,,,,,,,,,,,,,,,,,
04e9ed98-ed44-4245-9cb7-340e50b1b053,http://virginia.edu/sit/amet.jsp?a=condimentum&feugiat=neque&et=sapien&eros=placerat&vestibulum=ante&ac=nulla&est=justo&lacinia=aliquam&nisi=quis&venenatis=turpis&tristique=eget&fusce=elit&congue=sodales&diam=scelerisque&id=mauris&ornare=sit&imperdiet=amet&sapien=eros&urna=suspendisse&pretium=accumsan&nisl=tortor&ut=quis&volutpat=turpis&sapien=sed&arcu=ante&sed=vivamus&augue=tortor&aliquam=duis&erat=mattis&volutpat=egestas&in=metus&congue=aenean&etiam=fermentum&justo=donec&etiam=ut&pretium=mauris&iaculis=eget&justo=massa&in=tempor&hac=convallis&habitasse=nulla&platea=neque&dictumst=libero&etiam=convallis&faucibus=eget&cursus=eleifend,,,,,,,,,,,,,,,,,,,,,,,,,,,,,,,,,,,,,,,,,,,,,,,,,,,0.0564465522766113,,,,,,,,,,,,,,,,,,,,,,,,,,,,,,,,,,,,,,,,,,,,,,,,,
05433c8b-95c5-4cde-a6af-c33bb5a3d4a6,http://europa.eu/lacus.jsp?in=lacinia&hac=nisi&habitasse=venenatis&platea=tristique&dictumst=fusce&morbi=congue&vestibulum=diam&velit=id&id=ornare&pretium=imperdiet&iaculis=sapien&diam=urna&erat=pretium&fermentum=nisl&justo=ut&nec=volutpat&condimentum=sapien&neque=arcu&sapien=sed&placerat=augue&ante=aliquam&nulla=erat&justo=volutpat&aliquam=in&quis=congue&turpis=etiam&eget=justo&elit=etiam&sodales=pretium&scelerisque=iaculis&mauris=justo&sit=in&amet=hac&eros=habitasse&suspendisse=platea&accumsan=dictumst&tortor=etiam&quis=faucibus&turpis=cursus&sed=urna&ante=ut&vivamus=tellus&tortor=nulla&duis=ut&mattis=erat&egestas=id&metus=mauris&aenean=vulputate&fermentum=elementum&donec=nullam&ut=varius&mauris=nulla&eget=facilisi&massa=cras&tempor=non&convallis=velit&nulla=nec&neque=nisi&libero=vulputate&convallis=nonummy&eget=maecenas&eleifend=tincidunt&luctus=lacus&ultricies=at&eu=velit&nibh=vivamus&quisque=vel&id=nulla&justo=eget&sit=eros&amet=elementum&sapien=pellentesque&dignissim=quisque&vestibulum=porta&vestibulum=volutpat&ante=erat&ipsum=quisque&primis=erat&in=eros&faucibus=viverra&orci=eget&luctus=congue&et=eget&ultrices=semper&posuere=rutrum&cubilia=nulla&curae=nunc&nulla=purus&dapibus=phasellus&dolor=in&vel=felis&est=donec&donec=semper&odio=sapien&justo=a&sollicitudin=libero,,,,,,,,,,,,,,,,,,,,,,,,,,,,,,,,,,,,,,,,,,,,,,,,,,,,0.0772666931152344,,,,,,,,,,,,,,,,,,,,,,,,,,,,,,,,,,,,,,,,,,,,,,,,
05527975-54b2-4eb7-adc7-5321d4f80273,https://upenn.edu/iaculis/diam/erat/fermentum.js?id=sit&luctus=amet&nec=turpis&molestie=elementum&sed=ligula&justo=vehicula&pellentesque=consequat&viverra=morbi&pede=a&ac=ipsum&diam=integer&cras=a&pellentesque=nibh&volutpat=in&dui=quis&maecenas=justo&tristique=maecenas&est=rhoncus&et=aliquam&tempus=lacus&semper=morbi&est=quis&quam=tortor&pharetra=id&magna=nulla&ac=ultrices&consequat=aliquet&metus=maecenas&sapien=leo&ut=odio&nunc=condimentum&vestibulum=id&ante=luctus&ipsum=nec&primis=molestie&in=sed&faucibus=justo&orci=pellentesque&luctus=viverra,,,,,,,,,,,,,,,,,,,,,,,,,,,,,,,,,,,,,,,,,,,,,,,,,,,,,0.0896539688110352,,,,,,,,,,,,,,,,,,,,,,,,,,,,,,,,,,,,,,,,,,,,,,,
05668e14-adcc-48d8-8a5a-c98a91a408e9,http://shutterfly.com/erat/curabitur/gravida/nisi/at.js?tortor=lobortis&id=vel&nulla=dapibus,,,,,,,,,,,,,,,,,,,,,,,,,,,,,,,,,,,,,,,,,,,,,,,,,,,,,,0.0540111064910889,,,,,,,,,,,,,,,,,,,,,,,,,,,,,,,,,,,,,,,,,,,,,,
0577d2cb-b1fb-408b-bca1-4080c6bb04f0,http://mtv.com/odio/consequat/varius/integer.aspx?morbi=luctus&a=tincidunt&ipsum=nulla&integer=mollis&a=molestie&nibh=lorem&in=quisque&quis=ut&justo=erat&maecenas=curabitur&rhoncus=gravida&aliquam=nisi&lacus=at&morbi=nibh&quis=in&tortor=hac&id=habitasse&nulla=platea,,,,,,,,,,,,,,,,,,,,,,,,,,,,,,,,,,,,,,,,,,,,,,,,,,,,,,,0.0543959140777588,,,,,,,,,,,,,,,,,,,,,,,,,,,,,,,,,,,,,,,,,,,,,
0586853b-8870-405d-a5fc-2c7eb027865c,http://msn.com/nulla/tellus/in.png?platea=sed&dictumst=nisl&etiam=nunc&faucibus=rhoncus&cursus=dui&urna=vel&ut=sem&tellus=sed&nulla=sagittis&ut=nam&erat=congue&id=risus&mauris=semper&vulputate=porta&elementum=volutpat&nullam=quam&varius=pede&nulla=lobortis&facilisi=ligula&cras=sit&non=amet&velit=eleifend&nec=pede&nisi=libero&vulputate=quis&nonummy=orci&maecenas=nullam&tincidunt=molestie&lacus=nibh&at=in&velit=lectus&vivamus=pellentesque&vel=at&nulla=nulla&eget=suspendisse&eros=potenti&elementum=cras&pellentesque=in&quisque=purus&porta=eu&volutpat=magna&erat=vulputate&quisque=luctus&erat=cum&eros=sociis&viverra=natoque&eget=penatibus&congue=et&eget=magnis&semper=dis&rutrum=parturient&nulla=montes&nunc=nascetur&purus=ridiculus&phasellus=mus&in=vivamus&felis=vestibulum&donec=sagittis,,,,,,,,,,,,,,,,,,,,,,,,,,,,,,,,,,,,,,,,,,,,,,,,,,,,,,,,0.0537848472595215,,,,,,,,,,,,,,,,,,,,,,,,,,,,,,,,,,,,,,,,,,,,
0586d5c5-801e-4514-b02b-d5dca53414eb,http://yahoo.com/habitasse/platea/dictumst/etiam/faucibus/cursus.png?mauris=in&non=eleifend&ligula=quam&pellentesque=a&ultrices=odio&phasellus=in&id=hac&sapien=habitasse&in=platea&sapien=dictumst&iaculis=maecenas&congue=ut&vivamus=massa&metus=quis&arcu=augue&adipiscing=luctus&molestie=tincidunt&hendrerit=nulla&at=mollis&vulputate=molestie&vitae=lorem&nisl=quisque&aenean=ut&lectus=erat&pellentesque=curabitur&eget=gravida&nunc=nisi&donec=at&quis=nibh&orci=in,,,,,,,,,,,,,,,,,,,,,,,,,,,,,,,,,,,,,,,,,,,,,,,,,,,,,,,,,0.0854167938232422,,,,,,,,,,,,,,,,,,,,,,,,,,,,,,,,,,,,,,,,,,,
058e92e0-8326-4031-816c-49849fad844f,http://theglobeandmail.com/ultrices/enim.jpg?non=quam&interdum=suspendisse&in=potenti&ante=nullam&vestibulum=porttitor&ante=lacus&ipsum=at&primis=turpis&in=donec&faucibus=posuere&orci=metus&luctus=vitae&et=ipsum&ultrices=aliquam&posuere=non&cubilia=mauris&curae=morbi&duis=non&faucibus=lectus&accumsan=aliquam&odio=sit&curabitur=amet&convallis=diam&duis=in&consequat=magna&dui=bibendum&nec=imperdiet&nisi=nullam&volutpat=orci&eleifend=pede&donec=venenatis&ut=non&dolor=sodales&morbi=sed&vel=tincidunt&lectus=eu&in=felis&quam=fusce&fringilla=posuere&rhoncus=felis&mauris=sed&enim=lacus&leo=morbi&rhoncus=sem&sed=mauris&vestibulum=laoreet&sit=ut&amet=rhoncus&cursus=aliquet&id=pulvinar&turpis=sed&integer=nisl&aliquet=nunc&massa=rhoncus,,,,,,,,,,,,,,,,,,,,,,,,,,,,,,,,,,,,,,,,,,,,,,,,,,,,,,,,,,0.0663673877716064,,,,,,,,,,,,,,,,,,,,,,,,,,,,,,,,,,,,,,,,,,
05a3ac59-1d45-476c-83b6-647aff667f34,http://marketwatch.com/lacinia/sapien.jsp?lobortis=lacinia&ligula=eget&sit=tincidunt&amet=eget&eleifend=tempus&pede=vel&libero=pede&quis=morbi&orci=porttitor&nullam=lorem&molestie=id&nibh=ligula&in=suspendisse&lectus=ornare&pellentesque=consequat&at=lectus&nulla=in&suspendisse=est&potenti=risus&cras=auctor&in=sed&purus=tristique&eu=in&magna=tempus&vulputate=sit&luctus=amet&cum=sem&sociis=fusce&natoque=consequat&penatibus=nulla&et=nisl&magnis=nunc&dis=nisl&parturient=duis&montes=bibendum&nascetur=felis&ridiculus=sed&mus=interdum&vivamus=venenatis&vestibulum=turpis&sagittis=enim&sapien=blandit&cum=mi&sociis=in&natoque=porttitor&penatibus=pede&et=justo&magnis=eu&dis=massa&parturient=donec&montes=dapibus&nascetur=duis&ridiculus=at&mus=velit&etiam=eu&vel=est&augue=congue&vestibulum=elementum&rutrum=in&rutrum=hac&neque=habitasse&aenean=platea&auctor=dictumst&gravida=morbi&sem=vestibulum&praesent=velit&id=id&massa=pretium&id=iaculis&nisl=diam&venenatis=erat&lacinia=fermentum&aenean=justo&sit=nec&amet=condimentum&justo=neque&morbi=sapien&ut=placerat&odio=ante&cras=nulla&mi=justo&pede=aliquam&malesuada=quis&in=turpis&imperdiet=eget&et=elit&commodo=sodales&vulputate=scelerisque&justo=mauris&in=sit&blandit=amet&ultrices=eros&enim=suspendisse&lorem=accumsan&ipsum=tortor,,,,,,,,,,,,,,,,,,,,,,,,,,,,,,,,,,,,,,,,,,,,,,,,,,,,,,,,,,,0.082075834274292,,,,,,,,,,,,,,,,,,,,,,,,,,,,,,,,,,,,,,,,,
05c3ff36-905b-4fb9-9f97-bd94beb5223f,http://marriott.com/odio/elementum/eu/interdum.json?non=eget&pretium=semper&quis=rutrum&lectus=nulla&suspendisse=nunc&potenti=purus&in=phasellus&eleifend=in&quam=felis&a=donec&odio=semper&in=sapien&hac=a&habitasse=libero&platea=nam&dictumst=dui&maecenas=proin&ut=leo&massa=odio&quis=porttitor&augue=id&luctus=consequat&tincidunt=in&nulla=consequat&mollis=ut&molestie=nulla&lorem=sed&quisque=accumsan&ut=felis&erat=ut&curabitur=at&gravida=dolor&nisi=quis&at=odio&nibh=consequat&in=varius&hac=integer&habitasse=ac&platea=leo&dictumst=pellentesque&aliquam=ultrices&augue=mattis&quam=odio&sollicitudin=donec&vitae=vitae&consectetuer=nisi&eget=nam&rutrum=ultrices&at=libero&lorem=non&integer=mattis&tincidunt=pulvinar&ante=nulla&vel=pede,,,,,,,,,,,,,,,,,,,,,,,,,,,,,,,,,,,,,,,,,,,,,,,,,,,,,,,,,,,,0.0706303119659424,,,,,,,,,,,,,,,,,,,,,,,,,,,,,,,,,,,,,,,,
05c7e642-d5e6-426b-8584-f5cc5d9f184f,https://cnet.com/sit/amet/sem/fusce/consequat.jpg?amet=posuere&justo=cubilia&morbi=curae&ut=duis&odio=faucibus&cras=accumsan&mi=odio&pede=curabitur&malesuada=convallis&in=duis&imperdiet=consequat&et=dui&commodo=nec&vulputate=nisi&justo=volutpat&in=eleifend&blandit=donec&ultrices=ut&enim=dolor&lorem=morbi&ipsum=vel&dolor=lectus&sit=in&amet=quam&consectetuer=fringilla&adipiscing=rhoncus&elit=mauris&proin=enim&interdum=leo&mauris=rhoncus&non=sed&ligula=vestibulum&pellentesque=sit&ultrices=amet&phasellus=cursus&id=id&sapien=turpis,,,,,,,,,,,,,,,,,,,,,,,,,,,,,,,,,,,,,,,,,,,,,,,,,,,,,,,,,,,,,0.167486667633057,,,,,,,,,,,,,,,,,,,,,,,,,,,,,,,,,,,,,,,
05c88619-0af4-48a2-972f-0f67159fd40d,https://google.cn/semper.jpg?leo=aliquam&rhoncus=quis&sed=turpis&vestibulum=eget&sit=elit&amet=sodales&cursus=scelerisque&id=mauris&turpis=sit&integer=amet&aliquet=eros&massa=suspendisse&id=accumsan&lobortis=tortor&convallis=quis&tortor=turpis&risus=sed&dapibus=ante&augue=vivamus&vel=tortor&accumsan=duis&tellus=mattis&nisi=egestas&eu=metus&orci=aenean&mauris=fermentum&lacinia=donec&sapien=ut&quis=mauris&libero=eget&nullam=massa&sit=tempor&amet=convallis&turpis=nulla&elementum=neque&ligula=libero&vehicula=convallis&consequat=eget&morbi=eleifend&a=luctus&ipsum=ultricies&integer=eu&a=nibh&nibh=quisque&in=id&quis=justo&justo=sit&maecenas=amet&rhoncus=sapien&aliquam=dignissim&lacus=vestibulum&morbi=vestibulum&quis=ante&tortor=ipsum&id=primis&nulla=in&ultrices=faucibus&aliquet=orci&maecenas=luctus&leo=et&odio=ultrices&condimentum=posuere&id=cubilia&luctus=curae&nec=nulla&molestie=dapibus&sed=dolor&justo=vel&pellentesque=est&viverra=donec&pede=odio&ac=justo&diam=sollicitudin&cras=ut&pellentesque=suscipit&volutpat=a&dui=feugiat&maecenas=et&tristique=eros&est=vestibulum&et=ac&tempus=est&semper=lacinia&est=nisi&quam=venenatis&pharetra=tristique&magna=fusce&ac=congue&consequat=diam&metus=id&sapien=ornare&ut=imperdiet&nunc=sapien,,,,,,,,,,,,,,,,,,,,,,,,,,,,,,,,,,,,,,,,,,,,,,,,,,,,,,,,,,,,,,0.0527412891387939,,,,,,,,,,,,,,,,,,,,,,,,,,,,,,,,,,,,,,
05d1f51f-f048-465b-b473-2638ccf16047,http://comcast.net/aliquam/sit/amet.png?amet=sit&consectetuer=amet&adipiscing=sapien&elit=dignissim&proin=vestibulum&risus=vestibulum&praesent=ante&lectus=ipsum&vestibulum=primis&quam=in&sapien=faucibus&varius=orci&ut=luctus&blandit=et&non=ultrices&interdum=posuere&in=cubilia&ante=curae&vestibulum=nulla&ante=dapibus&ipsum=dolor&primis=vel&in=est&faucibus=donec&orci=odio&luctus=justo&et=sollicitudin&ultrices=ut&posuere=suscipit&cubilia=a&curae=feugiat&duis=et&faucibus=eros&accumsan=vestibulum&odio=ac&curabitur=est&convallis=lacinia&duis=nisi&consequat=venenatis&dui=tristique&nec=fusce&nisi=congue&volutpat=diam&eleifend=id&donec=ornare&ut=imperdiet,,,,,,,,,,,,,,,,,,,,,,,,,,,,,,,,,,,,,,,,,,,,,,,,,,,,,,,,,,,,,,,0.0503051280975342,,,,,,,,,,,,,,,,,,,,,,,,,,,,,,,,,,,,,
05d3737b-6b4f-4a6c-88d1-e1b6548f464e,https://ovh.net/sit/amet.jpg?amet=volutpat&consectetuer=quam&adipiscing=pede&elit=lobortis&proin=ligula&risus=sit&praesent=amet&lectus=eleifend&vestibulum=pede&quam=libero&sapien=quis&varius=orci&ut=nullam&blandit=molestie&non=nibh&interdum=in&in=lectus&ante=pellentesque&vestibulum=at&ante=nulla,,,,,,,,,,,,,,,,,,,,,,,,,,,,,,,,,,,,,,,,,,,,,,,,,,,,,,,,,,,,,,,,0.0547945499420166,,,,,,,,,,,,,,,,,,,,,,,,,,,,,,,,,,,,
05d71e71-65cb-44b9-8bd9-ed06c320d244,http://umich.edu/in/sagittis/dui/vel/nisl/duis.aspx?in=lorem&eleifend=integer&quam=tincidunt&a=ante&odio=vel&in=ipsum&hac=praesent&habitasse=blandit&platea=lacinia&dictumst=erat&maecenas=vestibulum&ut=sed&massa=magna&quis=at&augue=nunc&luctus=commodo&tincidunt=placerat&nulla=praesent&mollis=blandit&molestie=nam&lorem=nulla&quisque=integer&ut=pede&erat=justo&curabitur=lacinia&gravida=eget&nisi=tincidunt&at=eget&nibh=tempus&in=vel&hac=pede&habitasse=morbi&platea=porttitor&dictumst=lorem&aliquam=id&augue=ligula&quam=suspendisse&sollicitudin=ornare&vitae=consequat&consectetuer=lectus&eget=in&rutrum=est&at=risus&lorem=auctor&integer=sed&tincidunt=tristique&ante=in&vel=tempus&ipsum=sit&praesent=amet&blandit=sem&lacinia=fusce&erat=consequat&vestibulum=nulla&sed=nisl&magna=nunc&at=nisl&nunc=duis&commodo=bibendum&placerat=felis&praesent=sed&blandit=interdum&nam=venenatis&nulla=turpis&integer=enim&pede=blandit&justo=mi&lacinia=in,,,,,,,,,,,,,,,,,,,,,,,,,,,,,,,,,,,,,,,,,,,,,,,,,,,,,,,,,,,,,,,,,0.0525660514831543,,,,,,,,,,,,,,,,,,,,,,,,,,,,,,,,,,,
05f1cd52-7b59-4d88-a9c6-badf18ed7b1f,http://youtube.com/ut.html?sem=elementum&fusce=in&consequat=hac&nulla=habitasse&nisl=platea&nunc=dictumst&nisl=morbi&duis=vestibulum&bibendum=velit&felis=id&sed=pretium&interdum=iaculis&venenatis=diam&turpis=erat&enim=fermentum&blandit=justo&mi=nec&in=condimentum&porttitor=neque&pede=sapien&justo=placerat&eu=ante&massa=nulla&donec=justo&dapibus=aliquam&duis=quis&at=turpis&velit=eget&eu=elit&est=sodales&congue=scelerisque&elementum=mauris&in=sit&hac=amet&habitasse=eros&platea=suspendisse&dictumst=accumsan&morbi=tortor&vestibulum=quis&velit=turpis&id=sed&pretium=ante&iaculis=vivamus&diam=tortor&erat=duis&fermentum=mattis&justo=egestas&nec=metus&condimentum=aenean&neque=fermentum&sapien=donec&placerat=ut&ante=mauris&nulla=eget&justo=massa&aliquam=tempor&quis=convallis&turpis=nulla&eget=neque&elit=libero&sodales=convallis&scelerisque=eget&mauris=eleifend&sit=luctus,,,,,,,,,,,,,,,,,,,,,,,,,,,,,,,,,,,,,,,,,,,,,,,,,,,,,,,,,,,,,,,,,,0.0497603416442871,,,,,,,,,,,,,,,,,,,,,,,,,,,,,,,,,,
06011edc-f1dd-4eec-a5ba-a556b1e216e7,https://cyberchimps.com/lorem/integer/tincidunt/ante/vel/ipsum/praesent.jpg?lorem=aliquam&id=lacus&ligula=morbi&suspendisse=quis&ornare=tortor&consequat=id&lectus=nulla&in=ultrices&est=aliquet&risus=maecenas&auctor=leo&sed=odio&tristique=condimentum&in=id&tempus=luctus&sit=nec&amet=molestie&sem=sed&fusce=justo&consequat=pellentesque&nulla=viverra&nisl=pede&nunc=ac&nisl=diam&duis=cras&bibendum=pellentesque&felis=volutpat&sed=dui&interdum=maecenas&venenatis=tristique&turpis=est&enim=et&blandit=tempus&mi=semper&in=est&porttitor=quam&pede=pharetra&justo=magna&eu=ac&massa=consequat&donec=metus&dapibus=sapien&duis=ut&at=nunc&velit=vestibulum&eu=ante&est=ipsum&congue=primis&elementum=in&in=faucibus&hac=orci&habitasse=luctus&platea=et&dictumst=ultrices&morbi=posuere&vestibulum=cubilia&velit=curae&id=mauris&pretium=viverra&iaculis=diam&diam=vitae&erat=quam&fermentum=suspendisse&justo=potenti&nec=nullam&condimentum=porttitor,,,,,,,,,,,,,,,,,,,,,,,,,,,,,,,,,,,,,,,,,,,,,,,,,,,,,,,,,,,,,,,,,,,0.0504982471466064,,,,,,,,,,,,,,,,,,,,,,,,,,,,,,,,,
06045f70-9714-47db-a9d4-64e38178d424,http://phpbb.com/lobortis/vel/dapibus/at/diam.jpg?penatibus=sed&et=magna&magnis=at&dis=nunc&parturient=commodo&montes=placerat&nascetur=praesent&ridiculus=blandit&mus=nam&etiam=nulla&vel=integer&augue=pede&vestibulum=justo&rutrum=lacinia&rutrum=eget&neque=tincidunt&aenean=eget&auctor=tempus&gravida=vel&sem=pede&praesent=morbi&id=porttitor&massa=lorem&id=id&nisl=ligula&venenatis=suspendisse&lacinia=ornare&aenean=consequat&sit=lectus&amet=in&justo=est&morbi=risus&ut=auctor&odio=sed&cras=tristique&mi=in&pede=tempus&malesuada=sit,,,,,,,,,,,,,,,,,,,,,,,,,,,,,,,,,,,,,,,,,,,,,,,,,,,,,,,,,,,,,,,,,,,,0.0549702644348145,,,,,,,,,,,,,,,,,,,,,,,,,,,,,,,,
061613fb-aaf2-4e6f-8b59-2d6d65c4b3bf,https://cdbaby.com/eu/magna/vulputate/luctus.js?eleifend=consequat&pede=morbi&libero=a&quis=ipsum&orci=integer&nullam=a&molestie=nibh&nibh=in&in=quis&lectus=justo&pellentesque=maecenas&at=rhoncus&nulla=aliquam&suspendisse=lacus&potenti=morbi&cras=quis&in=tortor&purus=id&eu=nulla&magna=ultrices&vulputate=aliquet&luctus=maecenas&cum=leo&sociis=odio&natoque=condimentum&penatibus=id&et=luctus&magnis=nec&dis=molestie&parturient=sed&montes=justo&nascetur=pellentesque&ridiculus=viverra&mus=pede&vivamus=ac&vestibulum=diam&sagittis=cras&sapien=pellentesque&cum=volutpat&sociis=dui&natoque=maecenas&penatibus=tristique&et=est&magnis=et&dis=tempus&parturient=semper&montes=est&nascetur=quam,,,,,,,,,,,,,,,,,,,,,,,,,,,,,,,,,,,,,,,,,,,,,,,,,,,,,,,,,,,,,,,,,,,,,0.0501799583435059,,,,,,,,,,,,,,,,,,,,,,,,,,,,,,,
062d5bb4-01c0-4fdf-bfb5-db042d6210d2,http://imgur.com/morbi/vel/lectus/in/quam.xml?praesent=lacus&blandit=at&nam=velit&nulla=vivamus&integer=vel&pede=nulla&justo=eget&lacinia=eros&eget=elementum&tincidunt=pellentesque&eget=quisque&tempus=porta&vel=volutpat&pede=erat&morbi=quisque&porttitor=erat&lorem=eros&id=viverra&ligula=eget&suspendisse=congue&ornare=eget&consequat=semper&lectus=rutrum&in=nulla&est=nunc&risus=purus&auctor=phasellus&sed=in&tristique=felis&in=donec&tempus=semper&sit=sapien&amet=a&sem=libero&fusce=nam&consequat=dui&nulla=proin&nisl=leo&nunc=odio&nisl=porttitor&duis=id&bibendum=consequat&felis=in&sed=consequat&interdum=ut&venenatis=nulla&turpis=sed&enim=accumsan&blandit=felis&mi=ut&in=at&porttitor=dolor&pede=quis&justo=odio&eu=consequat&massa=varius&donec=integer&dapibus=ac&duis=leo&at=pellentesque&velit=ultrices&eu=mattis,,,,,,,,,,,,,,,,,,,,,,,,,,,,,,,,,,,,,,,,,,,,,,,,,,,,,,,,,,,,,,,,,,,,,,0.0550112724304199,,,,,,,,,,,,,,,,,,,,,,,,,,,,,,
06339f86-0cef-45b4-95e5-c93cd578e31a,https://prnewswire.com/velit/vivamus.png?cras=nulla&in=ultrices&purus=aliquet&eu=maecenas&magna=leo&vulputate=odio&luctus=condimentum&cum=id&sociis=luctus&natoque=nec&penatibus=molestie&et=sed&magnis=justo&dis=pellentesque&parturient=viverra&montes=pede&nascetur=ac&ridiculus=diam&mus=cras&vivamus=pellentesque&vestibulum=volutpat&sagittis=dui&sapien=maecenas&cum=tristique&sociis=est&natoque=et&penatibus=tempus&et=semper&magnis=est&dis=quam&parturient=pharetra&montes=magna&nascetur=ac&ridiculus=consequat&mus=metus&etiam=sapien&vel=ut&augue=nunc&vestibulum=vestibulum&rutrum=ante&rutrum=ipsum&neque=primis&aenean=in&auctor=faucibus&gravida=orci&sem=luctus&praesent=et&id=ultrices&massa=posuere&id=cubilia&nisl=curae&venenatis=mauris&lacinia=viverra&aenean=diam&sit=vitae&amet=quam&justo=suspendisse&morbi=potenti&ut=nullam&odio=porttitor&cras=lacus&mi=at&pede=turpis&malesuada=donec&in=posuere&imperdiet=metus&et=vitae&commodo=ipsum&vulputate=aliquam&justo=non&in=mauris&blandit=morbi&ultrices=non&enim=lectus&lorem=aliquam&ipsum=sit&dolor=amet&sit=diam&amet=in&consectetuer=magna&adipiscing=bibendum&elit=imperdiet&proin=nullam&interdum=orci&mauris=pede&non=venenatis&ligula=non&pellentesque=sodales&ultrices=sed&phasellus=tincidunt,,,,,,,,,,,,,,,,,,,,,,,,,,,,,,,,,,,,,,,,,,,,,,,,,,,,,,,,,,,,,,,,,,,,,,,0.0491554737091064,,,,,,,,,,,,,,,,,,,,,,,,,,,,,
0642d40d-8a4d-400b-b13b-fe1bc0c6f6e5,https://1und1.de/mauris/sit/amet.png?posuere=sapien&nonummy=iaculis&integer=congue&non=vivamus&velit=metus&donec=arcu&diam=adipiscing&neque=molestie&vestibulum=hendrerit&eget=at&vulputate=vulputate&ut=vitae&ultrices=nisl&vel=aenean&augue=lectus&vestibulum=pellentesque&ante=eget&ipsum=nunc&primis=donec&in=quis&faucibus=orci&orci=eget&luctus=orci&et=vehicula&ultrices=condimentum&posuere=curabitur&cubilia=in&curae=libero&donec=ut&pharetra=massa&magna=volutpat&vestibulum=convallis&aliquet=morbi&ultrices=odio&erat=odio&tortor=elementum&sollicitudin=eu&mi=interdum&sit=eu,,,,,,,,,,,,,,,,,,,,,,,,,,,,,,,,,,,,,,,,,,,,,,,,,,,,,,,,,,,,,,,,,,,,,,,,0.0518968105316162,,,,,,,,,,,,,,,,,,,,,,,,,,,,
064e9118-70ae-442e-8254-129b58f25c66,https://theguardian.com/nisi/volutpat/eleifend.html?molestie=platea&hendrerit=dictumst&at=morbi&vulputate=vestibulum&vitae=velit&nisl=id&aenean=pretium&lectus=iaculis&pellentesque=diam&eget=erat&nunc=fermentum&donec=justo&quis=nec&orci=condimentum&eget=neque&orci=sapien&vehicula=placerat&condimentum=ante&curabitur=nulla&in=justo&libero=aliquam&ut=quis&massa=turpis&volutpat=eget&convallis=elit&morbi=sodales&odio=scelerisque&odio=mauris&elementum=sit&eu=amet&interdum=eros&eu=suspendisse&tincidunt=accumsan&in=tortor&leo=quis&maecenas=turpis&pulvinar=sed&lobortis=ante&est=vivamus&phasellus=tortor&sit=duis&amet=mattis&erat=egestas&nulla=metus&tempus=aenean&vivamus=fermentum&in=donec&felis=ut&eu=mauris&sapien=eget&cursus=massa&vestibulum=tempor,,,,,,,,,,,,,,,,,,,,,,,,,,,,,,,,,,,,,,,,,,,,,,,,,,,,,,,,,,,,,,,,,,,,,,,,,0.0504357814788818,,,,,,,,,,,,,,,,,,,,,,,,,,,
06683792-ec5a-4c14-9ed9-107c23150307,https://jiathis.com/sed.json?tellus=felis&nulla=eu&ut=sapien&erat=cursus&id=vestibulum&mauris=proin&vulputate=eu&elementum=mi&nullam=nulla&varius=ac&nulla=enim&facilisi=in,,,,,,,,,,,,,,,,,,,,,,,,,,,,,,,,,,,,,,,,,,,,,,,,,,,,,,,,,,,,,,,,,,,,,,,,,,0.0554244518280029,,,,,,,,,,,,,,,,,,,,,,,,,,
0684d01a-2395-4cda-81bf-3e4dd6da4b46,https://wired.com/lorem.html?blandit=potenti&nam=nullam&nulla=porttitor&integer=lacus&pede=at&justo=turpis&lacinia=donec&eget=posuere&tincidunt=metus&eget=vitae&tempus=ipsum&vel=aliquam&pede=non&morbi=mauris&porttitor=morbi&lorem=non&id=lectus&ligula=aliquam&suspendisse=sit&ornare=amet&consequat=diam&lectus=in&in=magna&est=bibendum&risus=imperdiet&auctor=nullam&sed=orci&tristique=pede&in=venenatis&tempus=non&sit=sodales&amet=sed&sem=tincidunt&fusce=eu&consequat=felis&nulla=fusce&nisl=posuere&nunc=felis&nisl=sed&duis=lacus&bibendum=morbi,,,,,,,,,,,,,,,,,,,,,,,,,,,,,,,,,,,,,,,,,,,,,,,,,,,,,,,,,,,,,,,,,,,,,,,,,,,0.0543172359466553,,,,,,,,,,,,,,,,,,,,,,,,,
069495dd-88df-4ff2-8701-a275a464523e,http://discuz.net/dictumst/morbi/vestibulum/velit/id/pretium.json?eget=sagittis&eleifend=dui&luctus=vel&ultricies=nisl&eu=duis&nibh=ac&quisque=nibh&id=fusce&justo=lacus&sit=purus&amet=aliquet&sapien=at&dignissim=feugiat&vestibulum=non&vestibulum=pretium&ante=quis&ipsum=lectus&primis=suspendisse&in=potenti&faucibus=in&orci=eleifend&luctus=quam&et=a&ultrices=odio&posuere=in&cubilia=hac&curae=habitasse&nulla=platea&dapibus=dictumst&dolor=maecenas&vel=ut&est=massa&donec=quis&odio=augue&justo=luctus&sollicitudin=tincidunt&ut=nulla&suscipit=mollis&a=molestie&feugiat=lorem&et=quisque&eros=ut&vestibulum=erat&ac=curabitur&est=gravida&lacinia=nisi&nisi=at&venenatis=nibh&tristique=in&fusce=hac&congue=habitasse&diam=platea&id=dictumst&ornare=aliquam&imperdiet=augue&sapien=quam&urna=sollicitudin&pretium=vitae&nisl=consectetuer&ut=eget&volutpat=rutrum&sapien=at&arcu=lorem&sed=integer&augue=tincidunt&aliquam=ante&erat=vel&volutpat=ipsum&in=praesent&congue=blandit&etiam=lacinia&justo=erat&etiam=vestibulum&pretium=sed&iaculis=magna&justo=at&in=nunc&hac=commodo&habitasse=placerat&platea=praesent&dictumst=blandit&etiam=nam&faucibus=nulla&cursus=integer&urna=pede&ut=justo&tellus=lacinia&nulla=eget&ut=tincidunt&erat=eget&id=tempus&mauris=vel&vulputate=pede,,,,,,,,,,,,,,,,,,,,,,,,,,,,,,,,,,,,,,,,,,,,,,,,,,,,,,,,,,,,,,,,,,,,,,,,,,,,0.0598409175872803,,,,,,,,,,,,,,,,,,,,,,,,
06c607d7-e855-481d-a594-fe7fd005c4d9,https://sohu.com/in/faucibus/orci/luctus/et/ultrices.json?vulputate=in&ut=tempus&ultrices=sit&vel=amet&augue=sem&vestibulum=fusce&ante=consequat&ipsum=nulla&primis=nisl&in=nunc&faucibus=nisl&orci=duis&luctus=bibendum&et=felis&ultrices=sed&posuere=interdum&cubilia=venenatis&curae=turpis&donec=enim&pharetra=blandit&magna=mi&vestibulum=in&aliquet=porttitor&ultrices=pede&erat=justo&tortor=eu&sollicitudin=massa&mi=donec&sit=dapibus&amet=duis&lobortis=at&sapien=velit&sapien=eu&non=est&mi=congue&integer=elementum&ac=in&neque=hac&duis=habitasse&bibendum=platea&morbi=dictumst&non=morbi&quam=vestibulum&nec=velit&dui=id&luctus=pretium&rutrum=iaculis&nulla=diam&tellus=erat&in=fermentum&sagittis=justo&dui=nec&vel=condimentum&nisl=neque&duis=sapien&ac=placerat&nibh=ante&fusce=nulla&lacus=justo&purus=aliquam&aliquet=quis&at=turpis&feugiat=eget&non=elit&pretium=sodales&quis=scelerisque&lectus=mauris&suspendisse=sit&potenti=amet&in=eros&eleifend=suspendisse&quam=accumsan&a=tortor&odio=quis&in=turpis&hac=sed&habitasse=ante&platea=vivamus&dictumst=tortor&maecenas=duis&ut=mattis&massa=egestas&quis=metus&augue=aenean&luctus=fermentum&tincidunt=donec&nulla=ut&mollis=mauris&molestie=eget&lorem=massa&quisque=tempor,,,,,,,,,,,,,,,,,,,,,,,,,,,,,,,,,,,,,,,,,,,,,,,,,,,,,,,,,,,,,,,,,,,,,,,,,,,,,0.0586750507354736,,,,,,,,,,,,,,,,,,,,,,,
07055abf-5065-47bb-9a3f-cecac5dc0bb0,https://sakura.ne.jp/vitae/nisi/nam/ultrices/libero.png?hac=est&habitasse=lacinia&platea=nisi&dictumst=venenatis&maecenas=tristique&ut=fusce&massa=congue&quis=diam&augue=id&luctus=ornare&tincidunt=imperdiet&nulla=sapien&mollis=urna&molestie=pretium&lorem=nisl&quisque=ut&ut=volutpat&erat=sapien&curabitur=arcu&gravida=sed&nisi=augue&at=aliquam&nibh=erat&in=volutpat&hac=in&habitasse=congue&platea=etiam&dictumst=justo&aliquam=etiam&augue=pretium&quam=iaculis&sollicitudin=justo&vitae=in&consectetuer=hac&eget=habitasse&rutrum=platea&at=dictumst&lorem=etiam&integer=faucibus&tincidunt=cursus&ante=urna&vel=ut&ipsum=tellus&praesent=nulla&blandit=ut&lacinia=erat&erat=id&vestibulum=mauris&sed=vulputate&magna=elementum&at=nullam&nunc=varius&commodo=nulla&placerat=facilisi&praesent=cras&blandit=non&nam=velit&nulla=nec&integer=nisi&pede=vulputate&justo=nonummy&lacinia=maecenas&eget=tincidunt&tincidunt=lacus&eget=at&tempus=velit&vel=vivamus&pede=vel&morbi=nulla&porttitor=eget&lorem=eros&id=elementum&ligula=pellentesque&suspendisse=quisque&ornare=porta&consequat=volutpat&lectus=erat&in=quisque&est=erat&risus=eros&auctor=viverra&sed=eget&tristique=congue&in=eget&tempus=semper&sit=rutrum&amet=nulla&sem=nunc,,,,,,,,,,,,,,,,,,,,,,,,,,,,,,,,,,,,,,,,,,,,,,,,,,,,,,,,,,,,,,,,,,,,,,,,,,,,,,0.066340446472168,,,,,,,,,,,,,,,,,,,,,,
0706f3a2-7b25-4263-b606-e5a4fd5fa09e,https://theguardian.com/feugiat.js?lacinia=justo&nisi=in&venenatis=hac&tristique=habitasse&fusce=platea&congue=dictumst&diam=etiam&id=faucibus&ornare=cursus&imperdiet=urna&sapien=ut&urna=tellus&pretium=nulla&nisl=ut&ut=erat&volutpat=id&sapien=mauris&arcu=vulputate&sed=elementum&augue=nullam&aliquam=varius&erat=nulla&volutpat=facilisi&in=cras&congue=non&etiam=velit&justo=nec&etiam=nisi&pretium=vulputate&iaculis=nonummy&justo=maecenas&in=tincidunt&hac=lacus&habitasse=at&platea=velit&dictumst=vivamus&etiam=vel&faucibus=nulla&cursus=eget&urna=eros&ut=elementum&tellus=pellentesque&nulla=quisque&ut=porta&erat=volutpat&id=erat&mauris=quisque&vulputate=erat&elementum=eros&nullam=viverra&varius=eget&nulla=congue&facilisi=eget&cras=semper&non=rutrum&velit=nulla&nec=nunc&nisi=purus&vulputate=phasellus&nonummy=in&maecenas=felis&tincidunt=donec&lacus=semper&at=sapien&velit=a&vivamus=libero&vel=nam&nulla=dui&eget=proin&eros=leo&elementum=odio&pellentesque=porttitor&quisque=id,,,,,,,,,,,,,,,,,,,,,,,,,,,,,,,,,,,,,,,,,,,,,,,,,,,,,,,,,,,,,,,,,,,,,,,,,,,,,,,0.0505850315093994,,,,,,,,,,,,,,,,,,,,,
07200e9d-c583-4d40-a0e0-9170c6c1d945,http://theglobeandmail.com/elementum/pellentesque/quisque/porta/volutpat.jpg?elit=nulla&proin=neque&interdum=libero&mauris=convallis&non=eget&ligula=eleifend&pellentesque=luctus&ultrices=ultricies&phasellus=eu&id=nibh&sapien=quisque&in=id&sapien=justo&iaculis=sit&congue=amet&vivamus=sapien&metus=dignissim&arcu=vestibulum&adipiscing=vestibulum&molestie=ante&hendrerit=ipsum&at=primis&vulputate=in&vitae=faucibus&nisl=orci&aenean=luctus&lectus=et&pellentesque=ultrices&eget=posuere&nunc=cubilia&donec=curae&quis=nulla&orci=dapibus&eget=dolor&orci=vel&vehicula=est&condimentum=donec&curabitur=odio&in=justo&libero=sollicitudin&ut=ut&massa=suscipit&volutpat=a&convallis=feugiat&morbi=et,,,,,,,,,,,,,,,,,,,,,,,,,,,,,,,,,,,,,,,,,,,,,,,,,,,,,,,,,,,,,,,,,,,,,,,,,,,,,,,,0.0509905815124512,,,,,,,,,,,,,,,,,,,,
072218b4-957f-402d-a4ea-1e34f36f7aee,http://bloglovin.com/quis/orci/nullam/molestie/nibh/in.jpg?nulla=proin&neque=leo&libero=odio&convallis=porttitor&eget=id&eleifend=consequat&luctus=in&ultricies=consequat&eu=ut&nibh=nulla&quisque=sed&id=accumsan&justo=felis&sit=ut&amet=at&sapien=dolor&dignissim=quis&vestibulum=odio&vestibulum=consequat&ante=varius&ipsum=integer&primis=ac&in=leo&faucibus=pellentesque&orci=ultrices&luctus=mattis&et=odio&ultrices=donec&posuere=vitae&cubilia=nisi&curae=nam&nulla=ultrices&dapibus=libero&dolor=non&vel=mattis&est=pulvinar&donec=nulla&odio=pede&justo=ullamcorper&sollicitudin=augue&ut=a&suscipit=suscipit&a=nulla&feugiat=elit&et=ac&eros=nulla&vestibulum=sed&ac=vel&est=enim&lacinia=sit&nisi=amet&venenatis=nunc&tristique=viverra&fusce=dapibus&congue=nulla&diam=suscipit&id=ligula&ornare=in&imperdiet=lacus&sapien=curabitur&urna=at&pretium=ipsum&nisl=ac&ut=tellus&volutpat=semper&sapien=interdum&arcu=mauris&sed=ullamcorper&augue=purus&aliquam=sit&erat=amet&volutpat=nulla&in=quisque&congue=arcu&etiam=libero&justo=rutrum&etiam=ac&pretium=lobortis&iaculis=vel&justo=dapibus&in=at&hac=diam&habitasse=nam&platea=tristique&dictumst=tortor&etiam=eu,,,,,,,,,,,,,,,,,,,,,,,,,,,,,,,,,,,,,,,,,,,,,,,,,,,,,,,,,,,,,,,,,,,,,,,,,,,,,,,,,0.0500388145446777,,,,,,,,,,,,,,,,,,,
074aa9a8-af29-4db8-b4eb-6570e38b3121,http://deliciousdays.com/diam/in.png?eget=ultrices&orci=mattis&vehicula=odio&condimentum=donec&curabitur=vitae&in=nisi&libero=nam&ut=ultrices&massa=libero&volutpat=non&convallis=mattis&morbi=pulvinar&odio=nulla&odio=pede&elementum=ullamcorper&eu=augue&interdum=a&eu=suscipit&tincidunt=nulla&in=elit&leo=ac&maecenas=nulla&pulvinar=sed&lobortis=vel&est=enim&phasellus=sit&sit=amet&amet=nunc&erat=viverra&nulla=dapibus&tempus=nulla&vivamus=suscipit&in=ligula&felis=in&eu=lacus&sapien=curabitur,,,,,,,,,,,,,,,,,,,,,,,,,,,,,,,,,,,,,,,,,,,,,,,,,,,,,,,,,,,,,,,,,,,,,,,,,,,,,,,,,,0.0530409812927246,,,,,,,,,,,,,,,,,,
076d1f93-e593-4baa-bcb1-af47f8ee1478,https://sohu.com/magna/at/nunc.aspx?nisi=pede&at=libero&nibh=quis&in=orci&hac=nullam&habitasse=molestie&platea=nibh&dictumst=in&aliquam=lectus&augue=pellentesque&quam=at&sollicitudin=nulla&vitae=suspendisse&consectetuer=potenti&eget=cras&rutrum=in&at=purus&lorem=eu&integer=magna&tincidunt=vulputate&ante=luctus&vel=cum&ipsum=sociis&praesent=natoque&blandit=penatibus&lacinia=et&erat=magnis&vestibulum=dis&sed=parturient&magna=montes&at=nascetur,,,,,,,,,,,,,,,,,,,,,,,,,,,,,,,,,,,,,,,,,,,,,,,,,,,,,,,,,,,,,,,,,,,,,,,,,,,,,,,,,,,0.0490570068359375,,,,,,,,,,,,,,,,,
077ea264-5880-4475-8f2b-5cab372b339c,http://msn.com/lacinia/nisi/venenatis/tristique.aspx?ligula=mattis&nec=egestas&sem=metus&duis=aenean&aliquam=fermentum&convallis=donec&nunc=ut&proin=mauris&at=eget&turpis=massa&a=tempor&pede=convallis&posuere=nulla&nonummy=neque&integer=libero&non=convallis&velit=eget&donec=eleifend&diam=luctus&neque=ultricies&vestibulum=eu&eget=nibh&vulputate=quisque&ut=id&ultrices=justo&vel=sit&augue=amet&vestibulum=sapien&ante=dignissim&ipsum=vestibulum&primis=vestibulum&in=ante&faucibus=ipsum&orci=primis&luctus=in&et=faucibus&ultrices=orci&posuere=luctus&cubilia=et&curae=ultrices&donec=posuere&pharetra=cubilia&magna=curae&vestibulum=nulla&aliquet=dapibus&ultrices=dolor&erat=vel&tortor=est&sollicitudin=donec&mi=odio&sit=justo&amet=sollicitudin&lobortis=ut&sapien=suscipit&sapien=a&non=feugiat&mi=et&integer=eros&ac=vestibulum&neque=ac&duis=est&bibendum=lacinia&morbi=nisi&non=venenatis&quam=tristique&nec=fusce&dui=congue&luctus=diam&rutrum=id&nulla=ornare&tellus=imperdiet&in=sapien&sagittis=urna&dui=pretium&vel=nisl&nisl=ut&duis=volutpat&ac=sapien&nibh=arcu&fusce=sed&lacus=augue&purus=aliquam&aliquet=erat&at=volutpat&feugiat=in&non=congue&pretium=etiam&quis=justo,,,,,,,,,,,,,,,,,,,,,,,,,,,,,,,,,,,,,,,,,,,,,,,,,,,,,,,,,,,,,,,,,,,,,,,,,,,,,,,,,,,,0.0512492656707764,,,,,,,,,,,,,,,,
07bc1c99-9ca7-4c5c-9940-cfb645a304eb,http://godaddy.com/diam.jsp?mauris=consequat&lacinia=metus&sapien=sapien&quis=ut,,,,,,,,,,,,,,,,,,,,,,,,,,,,,,,,,,,,,,,,,,,,,,,,,,,,,,,,,,,,,,,,,,,,,,,,,,,,,,,,,,,,,0.0515189170837402,,,,,,,,,,,,,,,
07e85086-e694-40c6-b85a-8bb2f01b6fdd,http://foxnews.com/ac.aspx?fusce=nulla&congue=nisl&diam=nunc&id=nisl&ornare=duis&imperdiet=bibendum&sapien=felis&urna=sed&pretium=interdum&nisl=venenatis&ut=turpis&volutpat=enim&sapien=blandit&arcu=mi&sed=in&augue=porttitor&aliquam=pede&erat=justo&volutpat=eu&in=massa&congue=donec&etiam=dapibus&justo=duis&etiam=at&pretium=velit&iaculis=eu&justo=est&in=congue&hac=elementum&habitasse=in&platea=hac,,,,,,,,,,,,,,,,,,,,,,,,,,,,,,,,,,,,,,,,,,,,,,,,,,,,,,,,,,,,,,,,,,,,,,,,,,,,,,,,,,,,,,0.0561261177062988,,,,,,,,,,,,,,
0843f158-672b-475a-b469-c66fb666d5c5,https://usda.gov/elementum/nullam/varius/nulla/facilisi/cras.json?molestie=semper&sed=rutrum&justo=nulla&pellentesque=nunc&viverra=purus&pede=phasellus&ac=in&diam=felis&cras=donec&pellentesque=semper&volutpat=sapien&dui=a&maecenas=libero&tristique=nam&est=dui&et=proin&tempus=leo&semper=odio&est=porttitor&quam=id&pharetra=consequat&magna=in&ac=consequat&consequat=ut&metus=nulla&sapien=sed&ut=accumsan&nunc=felis&vestibulum=ut&ante=at&ipsum=dolor&primis=quis&in=odio&faucibus=consequat&orci=varius&luctus=integer&et=ac&ultrices=leo&posuere=pellentesque,,,,,,,,,,,,,,,,,,,,,,,,,,,,,,,,,,,,,,,,,,,,,,,,,,,,,,,,,,,,,,,,,,,,,,,,,,,,,,,,,,,,,,,0.052912712097168,,,,,,,,,,,,,
089ea0b8-c295-4b26-9c27-a91a39fd4926,https://about.me/ullamcorper/augue/a/suscipit/nulla.js?eget=vestibulum&tempus=ac&vel=est&pede=lacinia&morbi=nisi&porttitor=venenatis&lorem=tristique&id=fusce&ligula=congue&suspendisse=diam&ornare=id&consequat=ornare&lectus=imperdiet&in=sapien&est=urna&risus=pretium&auctor=nisl&sed=ut&tristique=volutpat&in=sapien&tempus=arcu&sit=sed&amet=augue&sem=aliquam&fusce=erat&consequat=volutpat&nulla=in&nisl=congue&nunc=etiam&nisl=justo,,,,,,,,,,,,,,,,,,,,,,,,,,,,,,,,,,,,,,,,,,,,,,,,,,,,,,,,,,,,,,,,,,,,,,,,,,,,,,,,,,,,,,,,0.0533053874969482,,,,,,,,,,,,
08b94fe3-c9e2-4f9a-bff0-3940ed653a86,https://canalblog.com/volutpat/in/congue/etiam/justo/etiam/pretium.jpg?ligula=vestibulum&pellentesque=sit&ultrices=amet&phasellus=cursus&id=id&sapien=turpis&in=integer&sapien=aliquet&iaculis=massa&congue=id&vivamus=lobortis&metus=convallis&arcu=tortor&adipiscing=risus&molestie=dapibus&hendrerit=augue&at=vel&vulputate=accumsan&vitae=tellus&nisl=nisi&aenean=eu&lectus=orci,,,,,,,,,,,,,,,,,,,,,,,,,,,,,,,,,,,,,,,,,,,,,,,,,,,,,,,,,,,,,,,,,,,,,,,,,,,,,,,,,,,,,,,,,0.0510940551757813,,,,,,,,,,,
08d06179-07c5-4210-ba76-911bc6f7c761,http://howstuffworks.com/tincidunt.jpg?in=velit&imperdiet=vivamus&et=vel&commodo=nulla&vulputate=eget&justo=eros&in=elementum&blandit=pellentesque&ultrices=quisque&enim=porta&lorem=volutpat&ipsum=erat&dolor=quisque&sit=erat&amet=eros&consectetuer=viverra&adipiscing=eget&elit=congue&proin=eget&interdum=semper&mauris=rutrum&non=nulla&ligula=nunc&pellentesque=purus&ultrices=phasellus&phasellus=in&id=felis&sapien=donec&in=semper&sapien=sapien&iaculis=a&congue=libero&vivamus=nam&metus=dui&arcu=proin&adipiscing=leo&molestie=odio&hendrerit=porttitor&at=id&vulputate=consequat&vitae=in&nisl=consequat&aenean=ut&lectus=nulla&pellentesque=sed&eget=accumsan&nunc=felis&donec=ut&quis=at&orci=dolor&eget=quis&orci=odio&vehicula=consequat&condimentum=varius&curabitur=integer&in=ac&libero=leo&ut=pellentesque&massa=ultrices&volutpat=mattis&convallis=odio&morbi=donec&odio=vitae&odio=nisi&elementum=nam&eu=ultrices&interdum=libero&eu=non&tincidunt=mattis&in=pulvinar&leo=nulla&maecenas=pede&pulvinar=ullamcorper&lobortis=augue&est=a&phasellus=suscipit&sit=nulla&amet=elit&erat=ac&nulla=nulla&tempus=sed&vivamus=vel&in=enim&felis=sit&eu=amet,,,,,,,,,,,,,,,,,,,,,,,,,,,,,,,,,,,,,,,,,,,,,,,,,,,,,,,,,,,,,,,,,,,,,,,,,,,,,,,,,,,,,,,,,,0.0541746616363525,,,,,,,,,,
08d2bf64-3d64-405a-b1c3-242f1973ad5b,https://unicef.org/nulla/suscipit/ligula/in/lacus/curabitur/at.js?ridiculus=praesent&mus=blandit&vivamus=lacinia&vestibulum=erat&sagittis=vestibulum&sapien=sed&cum=magna&sociis=at&natoque=nunc&penatibus=commodo&et=placerat&magnis=praesent&dis=blandit&parturient=nam&montes=nulla&nascetur=integer&ridiculus=pede&mus=justo&etiam=lacinia&vel=eget&augue=tincidunt&vestibulum=eget&rutrum=tempus&rutrum=vel&neque=pede&aenean=morbi&auctor=porttitor&gravida=lorem&sem=id&praesent=ligula,,,,,,,,,,,,,,,,,,,,,,,,,,,,,,,,,,,,,,,,,,,,,,,,,,,,,,,,,,,,,,,,,,,,,,,,,,,,,,,,,,,,,,,,,,,0.0514373779296875,,,,,,,,,
08ef9aaf-2385-4dcc-bd26-eba6133688fb,http://paypal.com/id/justo/sit.jsp?non=quam&velit=sapien&nec=varius&nisi=ut&vulputate=blandit&nonummy=non&maecenas=interdum&tincidunt=in&lacus=ante&at=vestibulum&velit=ante&vivamus=ipsum&vel=primis&nulla=in&eget=faucibus&eros=orci&elementum=luctus&pellentesque=et&quisque=ultrices&porta=posuere&volutpat=cubilia&erat=curae&quisque=duis&erat=faucibus&eros=accumsan&viverra=odio&eget=curabitur&congue=convallis&eget=duis&semper=consequat&rutrum=dui&nulla=nec&nunc=nisi&purus=volutpat&phasellus=eleifend&in=donec&felis=ut&donec=dolor&semper=morbi&sapien=vel&a=lectus&libero=in&nam=quam&dui=fringilla&proin=rhoncus&leo=mauris&odio=enim&porttitor=leo&id=rhoncus&consequat=sed&in=vestibulum&consequat=sit&ut=amet&nulla=cursus&sed=id&accumsan=turpis&felis=integer&ut=aliquet&at=massa&dolor=id&quis=lobortis&odio=convallis&consequat=tortor&varius=risus&integer=dapibus&ac=augue&leo=vel&pellentesque=accumsan&ultrices=tellus&mattis=nisi&odio=eu&donec=orci&vitae=mauris,,,,,,,,,,,,,,,,,,,,,,,,,,,,,,,,,,,,,,,,,,,,,,,,,,,,,,,,,,,,,,,,,,,,,,,,,,,,,,,,,,,,,,,,,,,,0.0498807430267334,,,,,,,,
090c2053-d04a-4ca3-891e-c91079e7f02c,https://prnewswire.com/velit/vivamus.png?cras=nulla&in=ultrices&purus=aliquet&eu=maecenas&magna=leo&vulputate=odio&luctus=condimentum&cum=id&sociis=luctus&natoque=nec&penatibus=molestie&et=sed&magnis=justo&dis=pellentesque&parturient=viverra&montes=pede&nascetur=ac&ridiculus=diam&mus=cras&vivamus=pellentesque&vestibulum=volutpat&sagittis=dui&sapien=maecenas&cum=tristique&sociis=est&natoque=et&penatibus=tempus&et=semper&magnis=est&dis=quam&parturient=pharetra&montes=magna&nascetur=ac&ridiculus=consequat&mus=metus&etiam=sapien&vel=ut&augue=nunc&vestibulum=vestibulum&rutrum=ante&rutrum=ipsum&neque=primis&aenean=in&auctor=faucibus&gravida=orci&sem=luctus&praesent=et&id=ultrices&massa=posuere&id=cubilia&nisl=curae&venenatis=mauris&lacinia=viverra&aenean=diam&sit=vitae&amet=quam&justo=suspendisse&morbi=potenti&ut=nullam&odio=porttitor&cras=lacus&mi=at&pede=turpis&malesuada=donec&in=posuere&imperdiet=metus&et=vitae&commodo=ipsum&vulputate=aliquam&justo=non&in=mauris&blandit=morbi&ultrices=non&enim=lectus&lorem=aliquam&ipsum=sit&dolor=amet&sit=diam&amet=in&consectetuer=magna&adipiscing=bibendum&elit=imperdiet&proin=nullam&interdum=orci&mauris=pede&non=venenatis&ligula=non&pellentesque=sodales&ultrices=sed&phasellus=tincidunt,,,,,,,,,,,,,,,,,,,,,,,,,,,,,,,,,,,,,,,,,,,,,,,,,,,,,,,,,,,,,,,,,,,,,,,,,,,,,,,,,,,,,,,,,,,,,0.051661491394043,,,,,,,
091b1607-7318-4842-a508-2a53806923d4,https://etsy.com/orci/mauris/lacinia/sapien.png?eu=elementum&orci=ligula&mauris=vehicula&lacinia=consequat&sapien=morbi&quis=a&libero=ipsum&nullam=integer&sit=a&amet=nibh&turpis=in&elementum=quis&ligula=justo&vehicula=maecenas&consequat=rhoncus&morbi=aliquam&a=lacus&ipsum=morbi&integer=quis&a=tortor&nibh=id&in=nulla&quis=ultrices&justo=aliquet&maecenas=maecenas&rhoncus=leo&aliquam=odio&lacus=condimentum&morbi=id&quis=luctus&tortor=nec&id=molestie&nulla=sed&ultrices=justo&aliquet=pellentesque&maecenas=viverra&leo=pede&odio=ac&condimentum=diam&id=cras&luctus=pellentesque&nec=volutpat&molestie=dui&sed=maecenas&justo=tristique&pellentesque=est&viverra=et&pede=tempus&ac=semper&diam=est&cras=quam&pellentesque=pharetra&volutpat=magna&dui=ac&maecenas=consequat&tristique=metus&est=sapien&et=ut&tempus=nunc&semper=vestibulum&est=ante&quam=ipsum&pharetra=primis&magna=in&ac=faucibus&consequat=orci&metus=luctus&sapien=et&ut=ultrices&nunc=posuere&vestibulum=cubilia&ante=curae&ipsum=mauris,,,,,,,,,,,,,,,,,,,,,,,,,,,,,,,,,,,,,,,,,,,,,,,,,,,,,,,,,,,,,,,,,,,,,,,,,,,,,,,,,,,,,,,,,,,,,,0.0509998798370361,,,,,,
09243fab-f5c1-4aee-b870-3dca9758fd49,http://technorati.com/amet/erat.js?proin=vestibulum&eu=rutrum&mi=rutrum&nulla=neque&ac=aenean&enim=auctor&in=gravida&tempor=sem&turpis=praesent&nec=id&euismod=massa&scelerisque=id&quam=nisl&turpis=venenatis&adipiscing=lacinia&lorem=aenean&vitae=sit&mattis=amet&nibh=justo&ligula=morbi&nec=ut&sem=odio&duis=cras&aliquam=mi&convallis=pede&nunc=malesuada&proin=in&at=imperdiet&turpis=et&a=commodo&pede=vulputate&posuere=justo&nonummy=in&integer=blandit&non=ultrices&velit=enim&donec=lorem&diam=ipsum&neque=dolor&vestibulum=sit&eget=amet&vulputate=consectetuer&ut=adipiscing&ultrices=elit&vel=proin&augue=interdum&vestibulum=mauris&ante=non&ipsum=ligula&primis=pellentesque&in=ultrices&faucibus=phasellus&orci=id&luctus=sapien,,,,,,,,,,,,,,,,,,,,,,,,,,,,,,,,,,,,,,,,,,,,,,,,,,,,,,,,,,,,,,,,,,,,,,,,,,,,,,,,,,,,,,,,,,,,,,,0.0522429943084717,,,,,
093fb1d1-8abf-4b0d-b94c-5b912d62a402,http://trellian.com/et/ultrices/posuere/cubilia/curae/mauris/viverra.xml?neque=duis&vestibulum=consequat&eget=dui&vulputate=nec&ut=nisi&ultrices=volutpat&vel=eleifend&augue=donec&vestibulum=ut&ante=dolor&ipsum=morbi&primis=vel&in=lectus&faucibus=in&orci=quam&luctus=fringilla&et=rhoncus&ultrices=mauris&posuere=enim&cubilia=leo&curae=rhoncus&donec=sed&pharetra=vestibulum&magna=sit&vestibulum=amet&aliquet=cursus&ultrices=id&erat=turpis&tortor=integer&sollicitudin=aliquet&mi=massa&sit=id&amet=lobortis&lobortis=convallis&sapien=tortor&sapien=risus&non=dapibus&mi=augue,,,,,,,,,,,,,,,,,,,,,,,,,,,,,,,,,,,,,,,,,,,,,,,,,,,,,,,,,,,,,,,,,,,,,,,,,,,,,,,,,,,,,,,,,,,,,,,,0.0499162673950195,,,,
0940c145-50d0-478c-8877-933ddb75c3eb,http://oracle.com/congue/etiam/justo/etiam/pretium/iaculis.jsp?maecenas=ultrices&ut=erat&massa=tortor&quis=sollicitudin&augue=mi&luctus=sit&tincidunt=amet&nulla=lobortis&mollis=sapien&molestie=sapien&lorem=non&quisque=mi&ut=integer&erat=ac&curabitur=neque&gravida=duis&nisi=bibendum&at=morbi&nibh=non&in=quam&hac=nec&habitasse=dui&platea=luctus&dictumst=rutrum&aliquam=nulla&augue=tellus&quam=in&sollicitudin=sagittis&vitae=dui&consectetuer=vel&eget=nisl&rutrum=duis&at=ac&lorem=nibh&integer=fusce&tincidunt=lacus&ante=purus&vel=aliquet&ipsum=at&praesent=feugiat&blandit=non&lacinia=pretium&erat=quis&vestibulum=lectus&sed=suspendisse&magna=potenti&at=in&nunc=eleifend&commodo=quam&placerat=a&praesent=odio&blandit=in&nam=hac&nulla=habitasse&integer=platea&pede=dictumst&justo=maecenas&lacinia=ut&eget=massa&tincidunt=quis&eget=augue&tempus=luctus&vel=tincidunt&pede=nulla&morbi=mollis&porttitor=molestie&lorem=lorem&id=quisque&ligula=ut&suspendisse=erat&ornare=curabitur&consequat=gravida&lectus=nisi&in=at&est=nibh&risus=in&auctor=hac&sed=habitasse&tristique=platea,,,,,,,,,,,,,,,,,,,,,,,,,,,,,,,,,,,,,,,,,,,,,,,,,,,,,,,,,,,,,,,,,,,,,,,,,,,,,,,,,,,,,,,,,,,,,,,,,0.0522458553314209,,,
094888ff-e698-484b-a43c-c2179cee1ba4,https://businessinsider.com/vestibulum/sagittis/sapien.html?sed=nullam&tristique=orci&in=pede&tempus=venenatis&sit=non&amet=sodales&sem=sed&fusce=tincidunt&consequat=eu&nulla=felis&nisl=fusce&nunc=posuere&nisl=felis&duis=sed&bibendum=lacus&felis=morbi&sed=sem&interdum=mauris&venenatis=laoreet&turpis=ut&enim=rhoncus&blandit=aliquet&mi=pulvinar&in=sed&porttitor=nisl&pede=nunc&justo=rhoncus&eu=dui&massa=vel&donec=sem&dapibus=sed&duis=sagittis&at=nam&velit=congue&eu=risus&est=semper&congue=porta&elementum=volutpat&in=quam&hac=pede&habitasse=lobortis&platea=ligula&dictumst=sit&morbi=amet&vestibulum=eleifend&velit=pede&id=libero&pretium=quis&iaculis=orci&diam=nullam&erat=molestie&fermentum=nibh&justo=in&nec=lectus&condimentum=pellentesque&neque=at&sapien=nulla&placerat=suspendisse&ante=potenti&nulla=cras&justo=in&aliquam=purus&quis=eu&turpis=magna&eget=vulputate&elit=luctus&sodales=cum&scelerisque=sociis,,,,,,,,,,,,,,,,,,,,,,,,,,,,,,,,,,,,,,,,,,,,,,,,,,,,,,,,,,,,,,,,,,,,,,,,,,,,,,,,,,,,,,,,,,,,,,,,,,0.0503575801849365,,
0952bdd3-1fca-44ea-918c-3ea7b01cbe70,http://bloglines.com/nunc/vestibulum/ante/ipsum/primis/in.json?montes=vitae&nascetur=ipsum&ridiculus=aliquam&mus=non&vivamus=mauris&vestibulum=morbi&sagittis=non&sapien=lectus&cum=aliquam&sociis=sit&natoque=amet&penatibus=diam&et=in&magnis=magna&dis=bibendum&parturient=imperdiet&montes=nullam,,,,,,,,,,,,,,,,,,,,,,,,,,,,,,,,,,,,,,,,,,,,,,,,,,,,,,,,,,,,,,,,,,,,,,,,,,,,,,,,,,,,,,,,,,,,,,,,,,,0.0534319877624512,
0956454f-edad-4868-9e26-c8499d94643f,http://sciencedirect.com/odio.xml?justo=nulla&lacinia=ut&eget=erat&tincidunt=id&eget=mauris&tempus=vulputate&vel=elementum&pede=nullam&morbi=varius&porttitor=nulla&lorem=facilisi&id=cras&ligula=non&suspendisse=velit&ornare=nec&consequat=nisi&lectus=vulputate&in=nonummy&est=maecenas&risus=tincidunt&auctor=lacus&sed=at&tristique=velit&in=vivamus&tempus=vel&sit=nulla&amet=eget&sem=eros&fusce=elementum&consequat=pellentesque&nulla=quisque&nisl=porta&nunc=volutpat&nisl=erat&duis=quisque&bibendum=erat&felis=eros&sed=viverra&interdum=eget&venenatis=congue&turpis=eget&enim=semper&blandit=rutrum&mi=nulla&in=nunc&porttitor=purus&pede=phasellus&justo=in&eu=felis,,,,,,,,,,,,,,,,,,,,,,,,,,,,,,,,,,,,,,,,,,,,,,,,,,,,,,,,,,,,,,,,,,,,,,,,,,,,,,,,,,,,,,,,,,,,,,,,,,,,0.0489315986633301
